"lead_id","name","segment","website_presence","website_url","renewal_opportunity","activity_status","web_gap_status","qualification_status","qualification_priority","qualification_reason","qualification_next_action","qualification_review_after","priority","proposal_type","text_outreach_available","contactability","sales_reason_status","personalization_status","outreach_status","outreach_reason_version","outreach_legacy","contact_research_status","send_channel","send_destination","send_source_url","send_checked_at"
"jr-0d5985a0a9","リラクボディ","リラクゼーション・マッサージ整体","confirmed","https://rirakubody.com/","large","","","","","","","","high","renewal","false","phone_only","pending","ready","reviewed","2","true","completed","","","",""
"kuu-39f9feb25f","ヘアーデザインKUU","美容室","confirmed","http://hair-design-kuu.jp/","large","","","","","","","","high","renewal","false","contact_unverified","pending","ready","reviewed","2","true","access_limited","","","",""
"pure-blue-nail-25b69032f7","PURE BLUE NAIL","ネイルサロン(プライベート)","unconfirmed","","not_applicable","","","","","","","","high","new_site","true","text_ready","missing","missing","pending","","true","completed","instagram_dm","https://www.instagram.com/pureblue_nail/","https://www.instagram.com/pureblue_nail/","2026-09-24T12:00:00+09:00"
"barber-bolt-381bbaa31d","barber bolt（ボルト）","理容室・バーバー","confirmed","https://www.bolt-mukonosou.com/","large","","","","","","","","high","renewal","true","text_ready","missing","missing","blocked_personalization","","true","completed","official_line","https://line.me/R/ti/p/%40hsk6804x","https://www.bolt-mukonosou.com/","2026-09-28T00:00:00Z"
"rise-hair-9be189d17d","Rise Hair","美容室","unconfirmed","","not_applicable","","","","","","","","high","new_site","false","contact_unverified","pending","ready","reviewed","2","true","pending","","","",""
"hair-room-e9ua-1a81318101","hair room e9ua(ヘアルーム エクア)","美容室","confirmed","http://e9ua.com/","large","","","","","","","","high","renewal","true","text_ready","missing","missing","blocked_personalization","","true","completed","instagram_dm","https://www.instagram.com/e9ua_kohei/","http://e9ua.com/","2026-09-28T00:00:00Z"
"le-jardin-8ee53a0873","Le Jardin ル・ジャルダン園田店","美容室・ヘアサロン","confirmed","http://jardin-net.com/jardin-sonoda/index.html","large","","","","","","","","high","renewal","false","phone_only","pending","ready","reviewed","2","true","completed","","","",""
"lead-56a328603c","ひまわり美容室","美容室","unconfirmed","","not_applicable","","","","","","","","high","new_site","false","contact_unverified","pending","ready","reviewed","2","true","pending","","","",""
"lead-a10ee41734","美容室かんしゃ","美容室・ヘアサロン","confirmed","http://www.eonet.ne.jp/~kansha/","large","","","","","","","","high","renewal","true","text_ready","missing","missing","blocked_personalization","","true","completed","instagram_dm","https://www.instagram.com/biyoushitsu_kansha/","http://www.eonet.ne.jp/~kansha/","2026-09-28T00:00:00Z"
"blanket-56a8a17427","blanket 園田","美容室・ヘアサロン","confirmed","https://r.goope.jp/blanket-hair/","large","","","","","","","","high","renewal","true","text_ready","ready","ready","reviewed","3","true","completed","email","dearestsena@yahoo.co.jp","https://r.goope.jp/blanket-hair/","2026-09-28T00:00:00Z"
"lead-21208a38c7","アロマリラクゼーションサロン沙羅","アロマ・リラクゼーションサロン","confirmed","http://sara.qcweb.jp/","large","","","","","","","","high","renewal","false","contact_unverified","pending","ready","reviewed","2","true","access_limited","","","",""
"hair-atelier-00a911d70f","魔女の手仕事〜hair atelier〜","美容室・ヘアサロン","unconfirmed","","not_applicable","","","","","","","","high","new_site","false","contact_unverified","pending","ready","reviewed","2","true","pending","","","",""
"hellows-a506d16f9c","HELLOWS","美容室・ヘアサロン","unconfirmed","","not_applicable","","","","","","","","high","new_site","false","contact_unverified","pending","ready","reviewed","2","true","pending","","","",""
"bang-doll-0447715dfa","Bang-doll","美容室","confirmed","https://bangdoll.xyz/","large","","","","","","","","high","renewal","true","text_ready","missing","missing","blocked_personalization","","true","completed","contact_form","https://1cs.jp/bang/x","https://bangdoll.xyz/","2026-09-28T00:00:00Z"
"lead-a565b7e553","ロリ","美容室","unconfirmed","","not_applicable","","","","","","","","high","new_site","false","contact_unverified","pending","ready","reviewed","2","true","pending","","","",""
"hair-space-cappio-69badac92e","Hair Space Cappio","美容室","confirmed","https://cappiopio.com/","large","","","","","","","","high","renewal","true","text_ready","ready","ready","reviewed","3","true","completed","official_line","https://lin.ee/LkjLiOw","https://cappiopio.com/","2026-09-28T00:00:00Z"
"petite-etoile-5fde81a466","Petite Etoile","美容室","confirmed","https://petite-etoile.my.canva.site/","large","","","","","","","","high","renewal","true","text_ready","missing","missing","blocked_personalization","","true","completed","instagram_dm","https://www.instagram.com/petite.etoile2026/","https://www.instagram.com/p/DR80vhKEaGb/","2026-09-28T00:00:00Z"
"bois-hair-98a6d70281","BOIS HAIR","美容室","confirmed","https://bois-hair.com/","large","","","","","","","","high","renewal","true","text_ready","missing","missing","blocked_personalization","","true","completed","contact_form","https://bois-hair.com/shop/contact","https://bois-hair.com/shop/","2026-09-28T00:00:00Z"
"hair-lyle-c17b5c07b1","hair Lyle.（ヘアーライル）","美容室・ヘアサロン","confirmed","http://www.lyle.jp/","large","","","","","","","","high","renewal","false","contact_unverified","pending","ready","reviewed","2","true","access_limited","","","",""
"field-loco-873ac8b4ba","field loco（フィールドロコ）","理容室","confirmed","https://field65.com/","large","","","","","","","","high","renewal","true","text_ready","ready","ready","reviewed","3","true","completed","","","",""
"sakura-888a85b35f","エステティック SaKuRa","エステティックサロン（男性ヒゲ・ボディ脱毛）","confirmed","https://www.sakurasaku-39.net/","large","","","","","","","","high","renewal","true","text_ready","missing","missing","pending","","true","completed","contact_form","https://www.sakurasaku-39.net/","https://www.sakurasaku-39.net/","2026-09-24T12:00:00+09:00"
"sakura-spa-esthetics-2153e12fc9","SAKURA Spa esthetics","エステ・アイラッシュ（女性専用プライベートサロン）","confirmed","http://sakuraspa.jp/","large","","","","","","","","high","renewal","false","contact_unverified","pending","ready","reviewed","2","true","pending","","","",""
"lead-bf835ef615","美羊室ひつじ","美容室","confirmed","http://hitsuji-salon.com/","large","","","","","","","","medium","renewal","true","text_ready","missing","missing","blocked_personalization","","true","completed","instagram_dm","https://www.instagram.com/hitsuji20221107/","https://www.instagram.com/hitsuji20221107/","2026-09-28T00:00:00Z"
"mimi-princess-d57611b582","Mimi Princess","ネイルサロン(プライベート)","confirmed","https://mimi-princess.com/","medium","","","","","","","","medium","renewal","true","text_ready","ready","ready","reviewed","3","true","completed","contact_form","https://mimi-princess.com/","https://mimi-princess.com/","2026-09-24T12:00:00+09:00"
"seura-eyelash-beauty-5c364ffd54","SEURA. eyelash&beauty","まつげ・ヘアメイク","confirmed","https://seura-salon.com/","medium","","","","","","","","medium","renewal","true","text_ready","ready","ready","reviewed","3","true","completed","","","",""
"chillout-0895ebfa9f","美容室chillout（チルアウト）","美容室","confirmed","https://www.chillout-hair.net/","medium","","","","","","","","medium","renewal","true","text_ready","ready","ready","reviewed","3","true","completed","contact_form","https://www.chillout-hair.net/","https://www.chillout-hair.net/","2026-09-24T12:00:00+09:00"
"bagus-3ee1ec6d06","BAGUS（メンズ美容室 バグース）","メンズ美容室・ヒゲ脱毛","confirmed","https://www.bagushair.com/","undetermined","","","","","","","","medium","other","true","text_ready","ready","ready","reviewed","3","true","completed","instagram_dm","https://www.instagram.com/bagussanctuary/","https://www.bagushair.com/","2026-09-24T12:00:00+09:00"
"lily-hair-12d26704cd","LiLy hair(リリーヘアー)","美容室","confirmed","https://www.lilyhair0928.com/","medium","","","","","","","","medium","reservation_lp","true","text_ready","missing","missing","blocked_personalization","","true","completed","contact_form","https://www.lilyhair0928.com/contact","https://www.lilyhair0928.com/","2026-09-24T12:00:00+09:00"
"cut-spa-silk-7b1869fa68","Cut&Spa Silk","美容室(メンズ専門)","confirmed","https://www.silknana.site/","medium","","","","","","","","medium","reservation_lp","false","phone_only","pending","ready","reviewed","2","true","completed","","","",""
"hair-salon-roll-c378ab8cfc","Hair Salon ROLL（ヘアーサロン ロール）","美容室・ヘアサロン","confirmed","https://hairsalon-roll.com/","medium","","","","","","","","medium","renewal","true","text_ready","ready","ready","reviewed","3","true","completed","contact_form","https://hairsalon-roll.com/contact/","https://hairsalon-roll.com/","2026-09-24T12:00:00+09:00"
"lead-6cdb062f1c","美容室こさめ","美容室","confirmed","https://www.cosamedeyukkuri.com/","medium","","","","","","","","medium","renewal","false","phone_only","pending","ready","reviewed","2","true","completed","","","",""
"loop-hair-f63cc1ae23","Loop hair（ループヘアー）","美容室・ネイル・アイラッシュ","confirmed","https://www.loop-hair.jp/","medium","","","","","","","","medium","renewal","false","contact_not_found","pending","ready","reviewed","2","true","completed","","","",""
"morrow-a784c7030a","Morrow（モロー）","美容室","confirmed","http://hairmake-morrow.com/","undetermined","","","","","","","","medium","renewal","false","contact_unverified","pending","missing","blocked_personalization","","false","access_limited","","","",""
"ashu-852794fa5e","カットスタジオ アッシュ -ASHU-","美容室","confirmed","https://ashu-hairsaron0210.net/","medium","","","","","","","","medium","renewal","true","text_ready","missing","missing","blocked_personalization","","true","completed","contact_form","https://ashu-hairsaron0210.net/","https://ashu-hairsaron0210.net/","2026-09-24T12:00:00+09:00"
"refine-jr-7458305e83","尼崎 美容室 Refine.（リファイン）JR尼崎店","美容室・ヘアサロン","confirmed","https://www.hair-refine.jp/","medium","","","","","","","","medium","renewal","true","text_ready","ready","ready","reviewed","3","true","completed","instagram_dm","https://www.instagram.com/refine_ama/","https://www.hair-refine.jp/","2026-09-24T12:00:00+09:00"
"lead-e1befa5263","La Vaughn（ラ・ヴォーン）","リラクゼーション","confirmed","https://saigonotoride.jp/","medium","","","","","","","","medium","renewal","false","contact_not_found","pending","ready","reviewed","2","true","completed","","","",""
"roger-coiffure-f645c828a3","ROGER COIFFURE","美容室","unconfirmed","","not_applicable","","","","","","","","medium","new_site","false","contact_unverified","pending","ready","reviewed","2","true","pending","","","",""
"nillu-a97bba5a3c","NILLU 阪急塚口店","美容室・ヘアサロン","unconfirmed","","not_applicable","","","","","","","","medium","new_site","false","contact_unverified","pending","ready","reviewed","2","true","pending","","","",""
"ciao-aba21ce579","Ciao（チャオ）","美容室","confirmed","http://ciao-hair.com/","medium","","","","","","","","medium","renewal","false","contact_unverified","pending","ready","reviewed","2","true","access_limited","","","",""
"lil-d93573ffc3","LiL'阪神尼崎【リル】","美容室","unconfirmed","","not_applicable","","","","","","","","medium","new_site","false","contact_unverified","pending","ready","reviewed","2","true","pending","","","",""
"rinda-beauty-salon-2230bce766","Rinda Beauty Salon","エステサロン","confirmed","https://rindabeautysalon.jp/","undetermined","","","","","","","","medium","renewal","true","text_ready","ready","ready","reviewed","3","true","completed","","","",""
"modek-s-amagasaki-75ace1e5f1","modek's Amagasaki","まつげサロン","unconfirmed","","not_applicable","","","","","","","","medium","new_site","false","contact_unverified","pending","ready","reviewed","2","true","pending","","","",""
"off-2f3af40df9","髪きり屋off","理容室","unconfirmed","","not_applicable","","","","","","","","medium","new_site","false","contact_unverified","pending","ready","reviewed","2","true","pending","","","",""
"barber-ka-z-5bac745370","Barber Ka'z","理容室（メンズ・マンツーマン）","unconfirmed","","not_applicable","","","","","","","","medium","new_site","false","contact_unverified","pending","ready","reviewed","2","true","pending","","","",""
"lead-1b69187acf","大月","理容室","unconfirmed","","not_applicable","","","","","","","","medium","new_site","false","contact_unverified","pending","ready","reviewed","2","true","pending","","","",""
"lead-66cd85e828","おしゃれ床屋べーやん","理容室","unconfirmed","","not_applicable","","","","","","","","medium","new_site","false","contact_unverified","pending","ready","reviewed","2","true","pending","","","",""
"lead-a2c3953677","サロンドアベニュー","理容室","unconfirmed","","not_applicable","","","","","","","","medium","new_site","false","contact_unverified","pending","ready","reviewed","2","true","pending","","","",""
"lead-1d9ba79c69","カットハウスシャンプーボーイ","理容室","unconfirmed","","not_applicable","","","","","","","","medium","new_site","false","contact_unverified","pending","ready","reviewed","2","true","pending","","","",""
"revia-e380505883","Revia(レヴィア)","エステサロン","unconfirmed","","not_applicable","","","","","","","","medium","new_site","false","contact_unverified","pending","ready","reviewed","2","true","pending","","","",""
"la-mer-45350c3d9b","La Mer(ラ・メール)","エステサロン","unconfirmed","","not_applicable","","","","","","","","medium","new_site","false","contact_unverified","pending","ready","reviewed","2","true","pending","","","",""
"little-happiness-e4658e9501","エステ＆リラクゼーションサロン Little Happiness","エステ・リラクゼーション","unconfirmed","","not_applicable","","","","","","","","medium","new_site","false","contact_unverified","pending","ready","reviewed","2","true","pending","","","",""
"lead-e7000d29bc","メナード フェイシャルサロン ミニアングル","エステサロン","unconfirmed","","not_applicable","","","","","","","","medium","new_site","false","contact_unverified","pending","ready","reviewed","2","true","pending","","","",""
"lead-87f72045e9","メナード フェイシャルサロン フランマロール","エステサロン","unconfirmed","","not_applicable","","","","","","","","medium","new_site","false","contact_unverified","pending","ready","reviewed","2","true","pending","","","",""
"salon-de-lkj-cfbe639b7b","Salon de LKJ","エステ","confirmed","https://lkj-academy.com/salon.html","medium","","","","","","","","medium","renewal","true","text_ready","ready","ready","reviewed","3","true","completed","instagram_dm","https://www.instagram.com/salon_de_lkj_official/","https://lkj-academy.com/salon.html","2026-09-28T00:00:00Z"
"sherin-8f98908480","Sherin(シェリン)","エステサロン(顔脱毛等)","unconfirmed","","not_applicable","","","","","","","","medium","new_site","false","contact_unverified","pending","ready","reviewed","2","true","pending","","","",""
"your-corner-2057c158ef","Your Corner","エステサロン","unconfirmed","","not_applicable","","","","","","","","medium","new_site","false","contact_unverified","pending","ready","reviewed","2","true","pending","","","",""
"lead-c0662f8e1b","脱毛サロン ルチアーノ 尼崎店","エステサロン(脱毛)","unconfirmed","","not_applicable","","","","","","","","medium","new_site","false","contact_unverified","pending","ready","reviewed","2","true","pending","","","",""
"lead-5fa43a4cb7","ヘアーステーションコープ 園田店","理容室","confirmed","http://www.hsc1978.jp/","medium","","","","","","","","medium","renewal","false","phone_only","pending","ready","reviewed","2","true","completed","","","",""
"crescent-hair-362420f486","クレセントヘアー CRESCENT HAIR","美容室","confirmed","http://www.crescent-hair.jp/","undetermined","","","","","","","","medium","new_site","false","contact_unverified","pending","ready","reviewed","2","true","access_limited","","","",""
"sheets-02c445c01f","SHEETS 園田店","美容室","unconfirmed","","not_applicable","","","","","","","","medium","new_site","false","contact_unverified","pending","ready","reviewed","2","true","pending","","","",""
"alles-d0f069d6f0","ALLES 園田店","美容室","unconfirmed","","not_applicable","","","","","","","","medium","new_site","false","contact_unverified","pending","ready","reviewed","2","true","pending","","","",""
"hair-make-gorge-e3ced07d7b","hair make Gorge'","美容室","unconfirmed","","not_applicable","","","","","","","","medium","new_site","false","contact_unverified","pending","ready","reviewed","2","true","pending","","","",""
"reset-1d6f0490d6","ReSET 阪急園田店","美容室","confirmed","http://www.re-set.tv/index.html","undetermined","","","","","","","","medium","renewal","false","contact_unverified","pending","ready","reviewed","2","true","access_limited","","","",""
"style-in-balance-b8db49d17b","Style in Balance","美容室","unconfirmed","","not_applicable","","","","","","","","medium","new_site","false","contact_unverified","pending","ready","reviewed","2","true","pending","","","",""
"hair-space-bloom-hero-2692576a57","HAIR SPACE BLOOM hero(ヘアースペースブルーム ヒーロー)","美容室","confirmed","http://www.bloom1995.com/hero.html","undetermined","","","","","","","","medium","other","false","phone_only","pending","ready","reviewed","2","true","completed","","","",""
"hair-make-dizzy-d82f77d426","Hair Make Dizzy","美容室・ヘアサロン","unconfirmed","","not_applicable","","","","","","","","medium","new_site","false","contact_unverified","pending","ready","reviewed","2","true","pending","","","",""
"hair-esthete-japs-5ca084d7b6","Hair & Esthete JAPS","美容室・ヘアサロン","unconfirmed","","not_applicable","","","","","","","","medium","new_site","false","contact_unverified","pending","ready","reviewed","2","true","pending","","","",""
"lead-fe41fca458","マロン美容室 ホテル前店","美容室・ヘアサロン","unconfirmed","","not_applicable","","","","","","","","medium","new_site","false","contact_unverified","pending","ready","reviewed","2","true","pending","","","",""
"lead-3b8407554f","マロン美容室 西難波店","美容室","confirmed","http://www.marronbeauty.com/nishinanba.html","medium","","","","","","","","medium","renewal","false","phone_only","pending","ready","reviewed","2","true","completed","","","",""
"will-e97918d8ae","ヘアースタジオWill","美容室","unconfirmed","","not_applicable","","","","","","","","medium","new_site","false","contact_unverified","pending","ready","reviewed","2","true","pending","","","",""
"grado-707afb9289","GRADO","美容室","unconfirmed","","not_applicable","","","","","","","","medium","new_site","false","contact_unverified","pending","ready","reviewed","2","true","pending","","","",""
"lead-225a74e7e2","ヘアーサロン・アンジュ","美容室・ヘアサロン","confirmed","http://ange-hairsalon.net/","medium","","","","","","","","medium","renewal","true","text_ready","missing","missing","blocked_personalization","","true","completed","instagram_dm","https://www.instagram.com/hairsalon.ange.0401/","http://ange-hairsalon.net/news/instagram%E3%82%82%E3%82%84%E3%81%A3%E3%81%A6%E3%81%BE%E3%81%99%F0%9F%8C%9F/","2026-09-28T00:00:00Z"
"nim-hair-4fda1621c6","Nim hair 武庫之荘","美容室・ヘアサロン","confirmed","https://nimhair.pwa.1cs.jp/","medium","","","","","","","","medium","renewal","true","text_ready","ready","ready","reviewed","3","true","completed","instagram_dm","https://www.instagram.com/nim.hair_nishimura/","https://www.instagram.com/nim.hair_nishimura/","2026-09-28T00:00:00Z"
"oro-59c38e42a9","ORO 武庫之荘店","美容室","confirmed","https://www.oro-beauty.jp/salon_mukonoso","medium","","","","","","","","medium","renewal","true","text_ready","ready","ready","reviewed","3","true","completed","","","",""
"mool-hair-24a489be9f","MOOL hair 武庫之荘店","美容室・ヘアサロン","unconfirmed","","not_applicable","","","","","","","","medium","new_site","false","contact_unverified","pending","ready","reviewed","2","true","pending","","","",""
"lead-27310b10fc","ヘアーサロン ア・レーズ","理容室・ヘアサロン","unconfirmed","","not_applicable","","","","","","","","medium","new_site","false","contact_unverified","pending","ready","reviewed","2","true","pending","","","",""
"lead-b2d4a3f9b3","モンステラ塚口店","美容室・ヘアサロン","unconfirmed","","not_applicable","","","","","","","","medium","new_site","false","contact_unverified","pending","ready","reviewed","2","true","pending","","","",""
"fufu-6aa987d9c0","ヘアカラー専門店fufu 立花店","美容室・ヘアカラー専門店","unconfirmed","","not_applicable","","","","","","","","medium","new_site","false","contact_unverified","pending","ready","reviewed","2","true","pending","","","",""
"hair-space-bloom-hero-85eeb044ab","HAIR SPACE BLOOM hero 園田店","美容室","unconfirmed","","not_applicable","","","","","","","","medium","new_site","false","contact_unverified","pending","ready","reviewed","2","true","pending","","","",""
"anc-526d0f964f","anc","美容室・ヘアサロン","unconfirmed","","not_applicable","","","","","","","","medium","new_site","false","contact_unverified","pending","ready","reviewed","2","true","pending","","","",""
"infinity-3cc364a75b","INFINITY","美容室","unconfirmed","","not_applicable","","","","","","","","medium","new_site","false","contact_unverified","pending","ready","reviewed","2","true","pending","","","",""
"mint-cdbddf5578","Mint（ミント）女性専用リラクゼーションサロン","リラクゼーションサロン（完全個室・女性専用）","confirmed","https://mint-salon.com/","medium","","","","","","","","medium","renewal","true","text_ready","ready","ready","reviewed","3","true","completed","contact_form","https://mint-salon.com/contact/","https://mint-salon.com/","2026-09-24T12:00:00+09:00"
"lead-332b46f68a","メナードフェイシャルサロン 尼崎道意","エステサロン","unconfirmed","","not_applicable","","","","","","","","medium","new_site","false","contact_unverified","pending","ready","reviewed","2","true","pending","","","",""
"emelu-532a292d2e","emelu","美容室・ヘアサロン","unconfirmed","","not_applicable","","","","","","","","medium","new_site","false","contact_unverified","pending","ready","reviewed","2","true","pending","","","",""
"amoroso-d59522c545","amoroso","美容室・ヘアサロン","unconfirmed","","not_applicable","","","","","","","","medium","new_site","false","contact_unverified","pending","ready","reviewed","2","true","pending","","","",""
"sincerity-c57dd11e9b","SINCERITY","美容室・ヘアサロン","unconfirmed","","not_applicable","","","","","","","","medium","new_site","false","contact_unverified","pending","ready","reviewed","2","true","pending","","","",""
"hope-salon-42ba0b3c85","hope salon","美容室・ヘアサロン","unconfirmed","","not_applicable","","","","","","","","medium","new_site","false","contact_unverified","pending","ready","reviewed","2","true","pending","","","",""
"pada-8d05b5d05e","PADA","美容室・ヘアサロン","unconfirmed","","not_applicable","","","","","","","","medium","new_site","false","contact_unverified","pending","ready","reviewed","2","true","pending","","","",""
"source-bed44c41e4","SOURCE 塚口","美容室・ヘアサロン","unconfirmed","","not_applicable","","","","","","","","medium","new_site","false","contact_unverified","pending","ready","reviewed","2","true","pending","","","",""
"men-s-source-940f009538","MEN'S SOURCE 塚口","理容室・メンズサロン","unconfirmed","","not_applicable","","","","","","","","medium","new_site","false","contact_unverified","pending","ready","reviewed","2","true","pending","","","",""
"hair-care-salon-schon-c1b1360989","hair care salon Schon","美容室","unconfirmed","","not_applicable","","","","","","","","medium","new_site","false","contact_unverified","pending","ready","reviewed","2","true","pending","","","",""
"lien-ciel-6d3ea0a753","Lien Ciel","美容室・ヘアサロン","unconfirmed","","not_applicable","","","","","","","","medium","new_site","false","contact_unverified","pending","ready","reviewed","2","true","pending","","","",""
"melmo-aroma-hair-cf0a522c13","melmo aroma hair","美容室・ヘアサロン","unconfirmed","","not_applicable","","","","","","","","medium","new_site","false","contact_unverified","pending","ready","reviewed","2","true","pending","","","",""
"solo-by-feria-1cf8e05a61","SOLO by FERIA","美容室・ヘアサロン","unconfirmed","","not_applicable","","","","","","","","medium","new_site","false","contact_unverified","pending","ready","reviewed","2","true","pending","","","",""
"avance-359a2587af","AVANCE. 尼崎","美容室・ヘアサロン","unconfirmed","","not_applicable","","","","","","","","medium","new_site","false","contact_unverified","pending","ready","reviewed","2","true","pending","","","",""
"manaz-88672712c8","MANAZ 阪神尼崎","美容室・メンズサロン","unconfirmed","","not_applicable","","","","","","","","medium","new_site","false","contact_unverified","pending","ready","reviewed","2","true","pending","","","",""
"angelica-jr-df1df34b16","ANGELICA JR尼崎店","美容室・ヘアサロン","confirmed","https://www.angelica-hair.shop/","medium","","","","","","","","medium","renewal","true","text_ready","missing","missing","blocked_personalization","","true","completed","contact_form","https://www.angelica-hair.shop/contact","https://www.angelica-hair.shop/","2026-09-28T00:00:00Z"
"mens-salon-sou-by-luau-ae9b1573ed","MENS salon SOU by LUAU","理容室・メンズサロン","unconfirmed","","not_applicable","","","","","","","","medium","new_site","false","contact_unverified","pending","ready","reviewed","2","true","pending","","","",""
"cecil-hair-jr-a0fede1d30","Cecil hair JR尼崎店","美容室・ヘアサロン","confirmed","http://www.cecil-hair.com/","undetermined","","","","","","","","medium","other","true","text_ready","missing","missing","blocked_personalization","","true","completed","contact_form","https://cecil-hair.com/contact/","http://www.cecil-hair.com/","2026-09-28T00:00:00Z"
"aina-f6a0c32c2b","AINA","美容室・ヘアサロン","unconfirmed","","not_applicable","","","","","","","","medium","new_site","false","contact_unverified","pending","ready","reviewed","2","true","pending","","","",""
"magnolia-by-water-lily-eedb7d2958","Magnolia by Water Lily","美容室・ヘアサロン","unconfirmed","","not_applicable","","","","","","","","medium","new_site","false","contact_unverified","pending","ready","reviewed","2","true","pending","","","",""
"hair-salon-mist-46f3a3dd4d","HAIR SALON MIST","美容室・ヘアサロン","unconfirmed","","not_applicable","","","","","","","","medium","new_site","false","contact_unverified","pending","ready","reviewed","2","true","pending","","","",""
"bringe-dfc2e78620","BRINGE","美容室・ヘアサロン","unconfirmed","","not_applicable","","","","","","","","medium","new_site","false","contact_unverified","pending","ready","reviewed","2","true","pending","","","",""
"sky-tsukaguchi-620a1fb815","Sky tsukaguchi","美容室・ヘアサロン","unconfirmed","","not_applicable","","","","","","","","medium","new_site","false","contact_unverified","pending","ready","reviewed","2","true","pending","","","",""
"barber-keen-ffb07ccc11","BARBER KEEN","理容室","confirmed","https://barber-keen.com/","medium","","","","","","","","medium","reservation_lp","true","text_ready","ready","ready","reviewed","3","true","completed","instagram_dm","https://www.instagram.com/barberkeen1108/","https://barber-keen.com/","2026-09-24T12:00:00+09:00"
"lead-aebb62e89a","チャーリーブラウン","美容室・ヘアサロン","unconfirmed","","not_applicable","","","","","","","","medium","new_site","false","contact_unverified","pending","ready","reviewed","2","true","pending","","","",""
"lead-561c9ff6b4","シンコー美容室","美容室","unconfirmed","","not_applicable","","","","","","","","medium","new_site","false","contact_unverified","pending","ready","reviewed","2","true","pending","","","",""
"treat-2db5db9531","TREAT","美容室・ヘアサロン","unconfirmed","","not_applicable","","","","","","","","medium","new_site","false","contact_unverified","pending","ready","reviewed","2","true","pending","","","",""
"violetta-hair-space-0f7db36b19","VIOLETTA Hair & Space","美容室","confirmed","http://hair-violetta.com/","medium","","","","","","","","medium","renewal","false","contact_unverified","pending","ready","reviewed","2","true","access_limited","","","",""
"lead-b0b1121de7","ゆらゆら美容室","美容室・ヘアサロン","unconfirmed","","not_applicable","","","","","","","","medium","new_site","false","contact_unverified","pending","ready","reviewed","2","true","pending","","","",""
"lead-3945be24fb","ラ・ミューゼリゾート","美容室・ヘアサロン","unconfirmed","","not_applicable","","","","","","","","medium","new_site","false","contact_unverified","pending","ready","reviewed","2","true","pending","","","",""
"lead-98d09b768d","リルーク.ヘアー","美容室・ヘアサロン","unconfirmed","","not_applicable","","","","","","","","medium","new_site","false","contact_unverified","pending","ready","reviewed","2","true","pending","","","",""
"chloe-hair-1284d1b28e","Chloe hair","美容室・ヘアサロン","unconfirmed","","not_applicable","","","","","","","","medium","new_site","false","contact_unverified","pending","ready","reviewed","2","true","pending","","","",""
"freyatotalbeautysalon-e48555186a","FreyaTotalBeautySalon","美容室・ヘアサロン","unconfirmed","","not_applicable","","","","","","","","medium","new_site","false","contact_unverified","pending","ready","reviewed","2","true","pending","","","",""
"grace-hair-smilism-931e7b574a","grace hair SMILism","美容室・ヘアサロン","unconfirmed","","not_applicable","","","","","","","","medium","new_site","false","contact_unverified","pending","ready","reviewed","2","true","pending","","","",""
"hair-relax-snug-bf87eabd60","hair & relax Snug","美容室・ヘアサロン","unconfirmed","","not_applicable","","","","","","","","medium","new_site","false","contact_unverified","pending","ready","reviewed","2","true","pending","","","",""
"settle-e02745fb5e","Settle","美容室","unconfirmed","","not_applicable","","","","","","","","medium","new_site","false","contact_unverified","pending","ready","reviewed","2","true","pending","","","",""
"lococo-organics-label-3cc0507eda","LOCOCO organics label","美容室・ヘアサロン","unconfirmed","","not_applicable","","","","","","","","medium","new_site","false","contact_unverified","pending","ready","reviewed","2","true","pending","","","",""
"rond-f937e73c2e","Rond","美容室・ヘアサロン","unconfirmed","","not_applicable","","","","","","","","medium","new_site","false","contact_unverified","pending","ready","reviewed","2","true","pending","","","",""
"lead-7171944e49","すずらん美容室","美容室・ヘアサロン","unconfirmed","","not_applicable","","","","","","","","medium","new_site","false","contact_unverified","pending","ready","reviewed","2","true","pending","","","",""
"hair-gallery-avant-18fe3028c7","HAIR GALLERY Avant","美容室・ヘアサロン","unconfirmed","","not_applicable","","","","","","","","medium","new_site","false","contact_unverified","pending","ready","reviewed","2","true","pending","","","",""
"lead-0a539fee3a","ヘアースタジオアート塚口店","美容室・ヘアサロン","unconfirmed","","not_applicable","","","","","","","","medium","new_site","false","contact_unverified","pending","ready","reviewed","2","true","pending","","","",""
"lead-cdfa8f3b94","ピノ","美容室・ヘアサロン","unconfirmed","","not_applicable","","","","","","","","medium","new_site","false","contact_unverified","pending","ready","reviewed","2","true","pending","","","",""
"ratuna-bac1496663","Ratuna","美容室・ヘアサロン","unconfirmed","","not_applicable","","","","","","","","medium","new_site","false","contact_unverified","pending","ready","reviewed","2","true","pending","","","",""
"hairsalon-elite-3e5ee97862","hairsalon elite","美容室・ヘアサロン","unconfirmed","","not_applicable","","","","","","","","medium","new_site","false","contact_unverified","pending","ready","reviewed","2","true","pending","","","",""
"lead-a85124bc77","美容室くわはら","美容室","unconfirmed","","not_applicable","","","","","","","","medium","new_site","false","contact_unverified","pending","ready","reviewed","2","true","pending","","","",""
"lead-1034b2123d","カノン","美容室・ヘアサロン","unconfirmed","","not_applicable","","","","","","","","medium","new_site","false","contact_unverified","pending","ready","reviewed","2","true","pending","","","",""
"re-born-d155a3ede7","Re・Born","美容室・ヘアサロン","unconfirmed","","not_applicable","","","","","","","","medium","new_site","false","contact_unverified","pending","ready","reviewed","2","true","pending","","","",""
"jr-65e7a5a4a3","美容サラJR立花店","美容室・ヘアサロン","unconfirmed","","not_applicable","","","","","","","","medium","new_site","false","contact_unverified","pending","ready","reviewed","2","true","pending","","","",""
"mode-k-s-briller-2cecc78003","MODE K's Briller","美容室・ヘアサロン","unconfirmed","","not_applicable","","","","","","","","medium","new_site","false","contact_unverified","pending","ready","reviewed","2","true","pending","","","",""
"lead-1a2fb70889","はあとねいる塚口店","ネイルサロン","unconfirmed","","not_applicable","","","","","","","","medium","new_site","false","contact_unverified","pending","ready","reviewed","2","true","pending","","","",""
"switch-a5f15deefe","SWITCH","ネイル・まつげ・エステサロン","unconfirmed","","not_applicable","","","","","","","","medium","new_site","false","contact_unverified","pending","ready","reviewed","2","true","pending","","","",""
"edit-704d415771","edit ネイル","ネイルサロン","unconfirmed","","not_applicable","","","","","","","","medium","new_site","false","contact_unverified","pending","ready","reviewed","2","true","pending","","","",""
"aimer-1cd79d0a6d","Aimer","ネイルサロン","unconfirmed","","not_applicable","","","","","","","","medium","new_site","false","contact_unverified","pending","ready","reviewed","2","true","pending","","","",""
"fooflow-a3b5fad319","Fooflow","ネイル・まつげサロン","unconfirmed","","not_applicable","","","","","","","","medium","new_site","false","contact_unverified","pending","ready","reviewed","2","true","pending","","","",""
"megami-eyelash-lounge-5c5efe3674","MEGAMI EYELASH LOUNGE","まつげサロン","unconfirmed","","not_applicable","","","","","","","","medium","new_site","false","contact_unverified","pending","ready","reviewed","2","true","pending","","","",""
"eyelash-iona-b1b71fbbd9","eyelash iona","まつげサロン","unconfirmed","","not_applicable","","","","","","","","medium","new_site","false","contact_unverified","pending","ready","reviewed","2","true","pending","","","",""
"genic-matsugenoomise-8f459fc651","genic_MATSUGEnoOMISE","まつげサロン","unconfirmed","","not_applicable","","","","","","","","medium","new_site","false","contact_unverified","pending","ready","reviewed","2","true","pending","","","",""
"nest-b09c31a9e9","フェイシャルサロンnest+","エステサロン","unconfirmed","","not_applicable","","","","","","","","medium","new_site","false","contact_unverified","pending","ready","reviewed","2","true","pending","","","",""
"esthetic-salon-miku-s-48e8a33dc3","Esthetic Salon Miku's","エステサロン","unconfirmed","","not_applicable","","","","","","","","medium","new_site","false","contact_unverified","pending","ready","reviewed","2","true","pending","","","",""
"lead-63a9095f84","アキュビューティー","エステサロン","unconfirmed","","not_applicable","","","","","","","","medium","new_site","false","contact_unverified","pending","ready","reviewed","2","true","pending","","","",""
"sakura-spa-eyelash-esthethic-82d19d7673","SAKURA Spa eyelash&esthethics","エステ・まつげサロン","unconfirmed","","not_applicable","","","","","","","","medium","new_site","false","contact_unverified","pending","ready","reviewed","2","true","pending","","","",""
"mi-rror-beautyrepro-3f8fef9ab6","Mi RROR Beautyrepro","エステサロン","unconfirmed","","not_applicable","","","","","","","","medium","new_site","false","contact_unverified","pending","ready","reviewed","2","true","pending","","","",""
"lead-57ec4c98ea","メナードフェイシャルサロン ノオラ","エステサロン","unconfirmed","","not_applicable","","","","","","","","medium","new_site","false","contact_unverified","pending","ready","reviewed","2","true","pending","","","",""
"siro-53ce878df5","フェイシャルケアSIRO","エステサロン","unconfirmed","","not_applicable","","","","","","","","medium","new_site","false","contact_unverified","pending","ready","reviewed","2","true","pending","","","",""
"salon-miwa-c5e0fd12ae","Salon MIWA","エステサロン","unconfirmed","","not_applicable","","","","","","","","medium","new_site","false","contact_unverified","pending","ready","reviewed","2","true","pending","","","",""
"kanon-fd3754b7a6","アロマとほぐしのお店〜香音。〜kanon","リラクゼーションサロン","unconfirmed","","not_applicable","","","","","","","","medium","new_site","false","contact_unverified","pending","ready","reviewed","2","true","pending","","","",""
"plage-772f8653a7","よもぎ蒸しサロンplage","リラクゼーション・よもぎ蒸しサロン","unconfirmed","","not_applicable","","","","","","","","medium","new_site","false","contact_unverified","pending","ready","reviewed","2","true","pending","","","",""
"beauty-salon-kleopatra-1212edb1fc","Beauty salon KleoPatra","エステサロン","unconfirmed","","not_applicable","","","","","","","","medium","new_site","false","contact_unverified","pending","ready","reviewed","2","true","pending","","","",""
"lead-6a7de40b57","ほぐしの楽田 阪神尼崎駅前","リラクゼーションサロン","unconfirmed","","not_applicable","","","","","","","","medium","new_site","false","contact_unverified","pending","ready","reviewed","2","true","pending","","","",""
"lead-fb65e70501","美容室コラソン","美容室","unconfirmed","","not_applicable","","","","","","","","medium","new_site","false","contact_unverified","pending","ready","reviewed","2","true","pending","","","",""
"lead-81ab99cd2b","ジェニー","美容室","unconfirmed","","not_applicable","","","","","","","","medium","new_site","false","contact_unverified","pending","ready","reviewed","2","true","pending","","","",""
"lead-c0f65bf31a","松浦理容店","理容室","unconfirmed","","not_applicable","","","","","","","","medium","new_site","false","contact_unverified","pending","ready","reviewed","2","true","pending","","","",""
"lead-8461c948d4","サロン・モーブ","美容室","unconfirmed","","not_applicable","","","","","","","","medium","new_site","false","contact_unverified","pending","ready","reviewed","2","true","pending","","","",""
"lead-79fed2c8e2","ヘアー&フェイスこーむ","美容室","unconfirmed","","not_applicable","","","","","","","","medium","new_site","false","contact_unverified","pending","ready","reviewed","2","true","pending","","","",""
"su-r-eb8de6cbe7","sûr","美容室","confirmed","https://sur.cx/","undetermined","","","","","","","","medium","other","false","contact_not_found","pending","ready","reviewed","2","true","completed","","","",""
"shoji-39119a496a","ヘアースタジオSHOJI","美容室","unconfirmed","","not_applicable","","","","","","","","medium","new_site","false","contact_unverified","pending","ready","reviewed","2","true","pending","","","",""
"lead-768f36340b","いずみ美容室","美容室","unconfirmed","","not_applicable","","","","","","","","medium","new_site","false","contact_unverified","pending","ready","reviewed","2","true","pending","","","",""
"lead-41f966e39d","光美容室","美容室","unconfirmed","","not_applicable","","","","","","","","medium","new_site","false","contact_unverified","pending","ready","reviewed","2","true","pending","","","",""
"lead-da65b84f0f","ヘアーサロンリーベ","美容室","confirmed","https://liebe-hairsalon.com/","medium","","","","","","","","medium","reservation_lp","false","contact_not_found","pending","ready","reviewed","2","true","completed","","","",""
"hair-mode-kt-40d081f25d","Hair Mode KT 尼崎本店","美容室（ヘッドスパ専門店をうたう）","unconfirmed","","not_applicable","","","","","","","","medium","new_site","false","contact_unverified","pending","ready","reviewed","2","true","pending","","","",""
"lead-f004963c90","パーミング","美容室","unconfirmed","","not_applicable","","","","","","","","medium","new_site","false","contact_unverified","pending","ready","reviewed","2","true","pending","","","",""
"hot-lip-hair-3f17b5cd9c","Hot Lip hair","美容室","confirmed","http://hotlip-hair.com/","undetermined","","","","","","","","medium","new_site","false","contact_not_found","pending","ready","reviewed","2","true","completed","","","",""
"lead-b67ed18984","パール美容室","美容室","unconfirmed","","not_applicable","","","","","","","","medium","new_site","false","contact_unverified","pending","ready","reviewed","2","true","pending","","","",""
"tresor-ab58bea669","TRESOR","美容室","unconfirmed","","not_applicable","","","","","","","","medium","new_site","false","contact_unverified","pending","ready","reviewed","2","true","pending","","","",""
"asai-2ede57500d","美容室ASAI","美容室","unconfirmed","","not_applicable","","","","","","","","medium","new_site","false","contact_unverified","pending","ready","reviewed","2","true","pending","","","",""
"pony-39f64fd4a9","PoNy","美容室","unconfirmed","","not_applicable","","","","","","","","medium","new_site","false","contact_unverified","pending","ready","reviewed","2","true","pending","","","",""
"hairspacezero-bfa6ff680c","HairSpaceZERO","美容室","unconfirmed","","not_applicable","","","","","","","","medium","new_site","false","contact_unverified","pending","ready","reviewed","2","true","pending","","","",""
"salon-d-avenue-8741dfa4b4","Salon d'Avenue","美容室","unconfirmed","","not_applicable","","","","","","","","medium","new_site","false","contact_unverified","pending","ready","reviewed","2","true","pending","","","",""
"noma-beauty-salon-feeb609a40","Noma Beauty Salon","美容室","unconfirmed","","not_applicable","","","","","","","","medium","new_site","false","contact_unverified","pending","ready","reviewed","2","true","pending","","","",""
"moze-27c24f68ee","MOZE美容室","美容室","unconfirmed","","not_applicable","","","","","","","","medium","new_site","false","contact_unverified","pending","ready","reviewed","2","true","pending","","","",""
"lead-28aa79599a","フジ美容室","美容室","unconfirmed","","not_applicable","","","","","","","","medium","new_site","false","contact_unverified","pending","ready","reviewed","2","true","pending","","","",""
"lead-decd48340d","シバ美容室","美容室","unconfirmed","","not_applicable","","","","","","","","medium","new_site","false","contact_unverified","pending","ready","reviewed","2","true","pending","","","",""
"lead-5da38752b9","カトレヤ美容室","美容室","unconfirmed","","not_applicable","","","","","","","","medium","new_site","false","contact_unverified","pending","ready","reviewed","2","true","pending","","","",""
"qilala-f0e0fdceb8","Qilala","まつげ","unconfirmed","","not_applicable","","","","","","","","medium","new_site","true","text_ready","missing","missing","pending","","true","completed","instagram_dm","https://www.instagram.com/qilala_mayumi/","https://www.instagram.com/qilala_mayumi/","2026-09-24T12:00:00+09:00"
"lead-6c58f29e87","ロン美容室","美容室","unconfirmed","","not_applicable","","","","","","","","medium","new_site","false","contact_unverified","pending","ready","reviewed","2","true","pending","","","",""
"lead-0d990758ae","ヴェール&みどり美容室","美容室","unconfirmed","","not_applicable","","","","","","","","medium","new_site","false","contact_unverified","pending","ready","reviewed","2","true","pending","","","",""
"lead-d60cbfc564","ぱぴるす美容室","美容室","unconfirmed","","not_applicable","","","","","","","","medium","new_site","false","contact_unverified","pending","ready","reviewed","2","true","pending","","","",""
"lead-594dfd71b8","かつら美容室","美容室","unconfirmed","","not_applicable","","","","","","","","medium","new_site","false","contact_unverified","pending","ready","reviewed","2","true","pending","","","",""
"casta-e41e1a47dc","CASTA","美容室","unconfirmed","","not_applicable","","","","","","","","medium","new_site","false","contact_unverified","pending","ready","reviewed","2","true","pending","","","",""
"lead-6dea1398df","ヘアークリエイティブサロンナカミズ","美容室","unconfirmed","","not_applicable","","","","","","","","medium","new_site","false","contact_unverified","pending","ready","reviewed","2","true","pending","","","",""
"hana-80e356a386","美容室Hana","美容室","unconfirmed","","not_applicable","","","","","","","","medium","new_site","false","contact_unverified","pending","ready","reviewed","2","true","pending","","","",""
"lead-83e162cef5","田能理容所","理容室","unconfirmed","","not_applicable","","","","","","","","medium","new_site","false","contact_unverified","pending","missing","blocked_personalization","","false","pending","","","",""
"lead-7168f1897f","雄二美容室","美容室","unconfirmed","","not_applicable","","","","","","","","medium","new_site","false","contact_unverified","pending","ready","reviewed","2","true","pending","","","",""
"lands-f7b6cccb83","LANDS","美容室","unconfirmed","","not_applicable","","","","","","","","medium","new_site","false","contact_unverified","pending","ready","reviewed","2","true","pending","","","",""
"lead-25de5bec94","アイ・アム美容室","美容室","unconfirmed","","not_applicable","","","","","","","","medium","new_site","false","contact_unverified","pending","ready","reviewed","2","true","pending","","","",""
"greenly-1c71caf997","greenly","美容室","unconfirmed","","not_applicable","","","","","","","","medium","new_site","false","contact_unverified","pending","ready","reviewed","2","true","pending","","","",""
"clip-elm-f8d0a44d99","clip elm","美容室","unconfirmed","","not_applicable","","","","","","","","medium","new_site","false","contact_unverified","pending","ready","reviewed","2","true","pending","","","",""
"sunny-e0ecb656b8","SUNNY（サニー）","美容室","unconfirmed","","not_applicable","","","","","","","","medium","new_site","false","contact_unverified","pending","ready","reviewed","2","true","pending","","","",""
"japs-2b45238def","ヘアー＆エステJAPS","美容室・エステ","unconfirmed","","not_applicable","","","","","","","","medium","new_site","false","contact_unverified","pending","ready","reviewed","2","true","pending","","","",""
"salon-cookie-b0c5529c15","Salon.Cookie","美容室","unconfirmed","","not_applicable","","","","","","","","medium","new_site","false","contact_unverified","pending","ready","reviewed","2","true","pending","","","",""
"hair-make-sutela-2e85c4a5c4","hair make SUTELA","美容室","unconfirmed","","not_applicable","","","","","","","","medium","new_site","false","contact_unverified","pending","ready","reviewed","2","true","pending","","","",""
"lead-a5562203ee","葛予美容室","美容室","unconfirmed","","not_applicable","","","","","","","","medium","new_site","false","contact_unverified","pending","ready","reviewed","2","true","pending","","","",""
"spice-ac74178e31","SPICE【スパイス】","美容室","unconfirmed","","not_applicable","","","","","","","","medium","new_site","false","contact_unverified","pending","missing","blocked_personalization","","false","pending","","","",""
"oud-7f1fd81aae","ウード（OUD）","美容室","unconfirmed","","not_applicable","","","","","","","","medium","new_site","false","contact_unverified","pending","ready","reviewed","2","true","pending","","","",""
"lead-0396fb6795","センター美容室","美容室","unconfirmed","","not_applicable","","","","","","","","medium","new_site","false","contact_unverified","pending","ready","reviewed","2","true","pending","","","",""
"grans-d965d1535d","GRANS","美容室","unconfirmed","","not_applicable","","","","","","","","medium","new_site","false","contact_unverified","pending","ready","reviewed","2","true","pending","","","",""
"lead-558a7bff23","ヘアースタジオヴァースト","美容室","unconfirmed","","not_applicable","","","","","","","","medium","new_site","false","contact_unverified","pending","ready","reviewed","2","true","pending","","","",""
"lead-6631479db6","スマイルカラー","美容室（ヘアカラー）","unconfirmed","","not_applicable","","","","","","","","medium","new_site","false","contact_unverified","pending","ready","reviewed","2","true","pending","","","",""
"carra-salon-8d6064e478","Carra Salon","美容室","unconfirmed","","not_applicable","","","","","","","","medium","new_site","false","contact_unverified","pending","ready","reviewed","2","true","pending","","","",""
"lead-d21b508f27","ぴょんぴょん","理容室・美容室","unconfirmed","","not_applicable","","","","","","","","medium","new_site","false","contact_unverified","pending","missing","blocked_personalization","","false","pending","","","",""
"lead-48f98a9099","尼崎エーサロン","リラクゼーション","unconfirmed","","not_applicable","","","","","","","","medium","new_site","false","contact_unverified","pending","ready","reviewed","2","true","pending","","","",""
"lead-3cd03d3b11","サロン・ドエクラ","サロン","unconfirmed","","not_applicable","","","","","","","","medium","new_site","false","contact_unverified","pending","missing","blocked_personalization","","false","pending","","","",""
"bambina-nail-eyelash-75d840b6fe","Bambina Nail&eyelash【バンビーナ】","ネイル・まつげ","unconfirmed","","not_applicable","","","","","","","","medium","new_site","false","contact_unverified","pending","ready","reviewed","2","true","pending","","","",""
"men-women-nail-eyebrow-salon-8648727e42","MEN&WOMEN NAIL・EYEBROW Salon.Pudding【サロンドットプディング】","ネイル・アイブロウ","unconfirmed","","not_applicable","","","","","","","","medium","new_site","false","contact_unverified","pending","ready","reviewed","2","true","pending","","","",""
"mies-nails-eyelash-563406c0d5","mies nails.ミィスネイルズ eyelash","ネイル・まつげ","unconfirmed","","not_applicable","","","","","","","","medium","new_site","false","contact_unverified","pending","ready","reviewed","2","true","pending","","","",""
"nail-salon-ebliss-bbda35ca37","Nail salon ebliss","ネイル","unconfirmed","","not_applicable","","","","","","","","medium","new_site","false","contact_unverified","pending","ready","reviewed","2","true","pending","","","",""
"c-three-7b27e62360","C three","ネイル","unconfirmed","","not_applicable","","","","","","","","medium","new_site","false","contact_unverified","pending","ready","reviewed","2","true","pending","","","",""
"nail-salon-berry-e6ff5e3430","nail salon Berry","ネイル","unconfirmed","","not_applicable","","","","","","","","medium","new_site","false","contact_unverified","pending","ready","reviewed","2","true","pending","","","",""
"rufleu-c6878afa53","フェイシャルエステ・脱毛サロン rufleu【ルフル】","エステ・脱毛","unconfirmed","","not_applicable","","","","","","","","medium","new_site","false","contact_unverified","pending","ready","reviewed","2","true","pending","","","",""
"kirei-aa055b4f55","トータルビューティサロン Kirei 水月の湯店","エステ","unconfirmed","","not_applicable","","","","","","","","medium","new_site","false","contact_unverified","pending","ready","reviewed","2","true","pending","","","",""
"known-by-evolucion-fdb88e9282","Known by evolucion","美容室","unconfirmed","","not_applicable","","","","","","","","medium","new_site","false","contact_unverified","pending","ready","reviewed","2","true","pending","","","",""
"loin-04a272f0e4","loin.【ロワン】","美容室","unconfirmed","","not_applicable","","","","","","","","medium","new_site","false","contact_unverified","pending","ready","reviewed","2","true","pending","","","",""
"hair-salon-drop-2122daad20","hair salon drop","美容室","unconfirmed","","not_applicable","","","","","","","","medium","new_site","false","contact_unverified","pending","ready","reviewed","2","true","pending","","","",""
"lead-3cf7111c18","ヘアーカットたに","理容室・美容室","unconfirmed","","not_applicable","","","","","","","","medium","new_site","false","contact_unverified","pending","ready","reviewed","2","true","pending","","","",""
"battery-hair-make-ce35385cdc","Battery hair&make ビエラ塚口店","美容室","unconfirmed","","not_applicable","","","","","","","","medium","new_site","false","contact_unverified","pending","ready","reviewed","2","true","pending","","","",""
"oro-d95bed39c9","ORO 塚口店【オーロ】","美容室","unconfirmed","","not_applicable","","","","","","","","medium","new_site","false","contact_unverified","pending","ready","reviewed","2","true","pending","","","",""
"reuna-be9dd3410c","Reuna 塚口【レウーナ】","美容室","unconfirmed","","not_applicable","","","","","","","","medium","new_site","false","contact_unverified","pending","ready","reviewed","2","true","pending","","","",""
"ciron-e851f186ae","Ciron【シロン】","美容室","unconfirmed","","not_applicable","","","","","","","","medium","new_site","false","contact_unverified","pending","ready","reviewed","2","true","pending","","","",""
"sai-87df748fe7","sai【サイ】","美容室","unconfirmed","","not_applicable","","","","","","","","medium","new_site","false","contact_unverified","pending","ready","reviewed","2","true","pending","","","",""
"attrait-48b0686129","attrait塚口","美容室","unconfirmed","","not_applicable","","","","","","","","medium","new_site","false","contact_unverified","pending","ready","reviewed","2","true","pending","","","",""
"nifty-a60f022a8b","Nifty【ニフティー】","美容室","unconfirmed","","not_applicable","","","","","","","","medium","new_site","false","contact_unverified","pending","ready","reviewed","2","true","pending","","","",""
"lead-367b35259e","ネイルサロン 桜","ネイル","unconfirmed","","not_applicable","","","","","","","","medium","new_site","false","contact_unverified","pending","ready","reviewed","2","true","pending","","","",""
"lino-ab57486f57","Lino【リノ】","美容室","unconfirmed","","not_applicable","","","","","","","","medium","new_site","false","contact_unverified","pending","ready","reviewed","2","true","pending","","","",""
"hair-space-tal-ke-19e7287538","hair space TAL'KE 武庫之荘","美容室","unconfirmed","","not_applicable","","","","","","","","medium","new_site","false","contact_unverified","pending","ready","reviewed","2","true","pending","","","",""
"briller-hair-salon-f3436ecb95","BRILLER hair salon【ブリエ】","美容室","unconfirmed","","not_applicable","","","","","","","","medium","new_site","false","contact_unverified","pending","ready","reviewed","2","true","pending","","","",""
"atre-35e59900a5","髪質改善 Atre. 武庫之荘","美容室","unconfirmed","","not_applicable","","","","","","","","medium","new_site","false","contact_unverified","pending","ready","reviewed","2","true","pending","","","",""
"chainon-ec2e52af24","CHAINON 武庫之荘【シェノン】","美容室","unconfirmed","","not_applicable","","","","","","","","medium","new_site","false","contact_unverified","pending","ready","reviewed","2","true","pending","","","",""
"yolo-006fb74a09","YoLo.【ヨロ】","美容室","unconfirmed","","not_applicable","","","","","","","","medium","new_site","false","contact_unverified","pending","ready","reviewed","2","true","pending","","","",""
"enu-d247c831cc","enu 武庫之荘店【エヌ】","美容室","unconfirmed","","not_applicable","","","","","","","","medium","new_site","false","contact_unverified","pending","ready","reviewed","2","true","pending","","","",""
"salo-a6f39cfab0","Salo【サロ】","美容室","unconfirmed","","not_applicable","","","","","","","","medium","new_site","false","contact_unverified","pending","ready","reviewed","2","true","pending","","","",""
"lead-222ee98f27","和み癒(なごみいやす)","リラクゼーション","confirmed","https://nagomi-iyasu.com/","undetermined","","","","","","","","medium","renewal","false","contact_unverified","pending","ready","reviewed","2","true","in_progress","","","",""
"lead-c0c944be85","リラクゼーションサロン せいらん","リラクゼーション","unconfirmed","","not_applicable","","","","","","","","medium","new_site","false","contact_unverified","pending","ready","reviewed","2","true","pending","","","",""
"terrace-504f2fd066","テラス 武庫之荘店（TERRACE）","サロン","unconfirmed","","not_applicable","","","","","","","","medium","new_site","false","contact_unverified","pending","ready","reviewed","2","true","pending","","","",""
"code-line-b7978ad6f1","CODE.LINE 立花店","美容室","unconfirmed","","not_applicable","","","","","","","","medium","new_site","false","contact_unverified","pending","ready","reviewed","2","true","pending","","","",""
"lisoi-47f9ff98a7","リソワ 尼崎園田（Lisoi）","美容室","unconfirmed","","not_applicable","","","","","","","","medium","new_site","false","contact_unverified","pending","ready","reviewed","2","true","pending","","","",""
"lead-7c86907912","美容室円","美容室","unconfirmed","","not_applicable","","","","","","","","medium","new_site","false","contact_unverified","pending","missing","blocked_personalization","","false","pending","","","",""
"lead-2f2baa47ee","リード","美容室","unconfirmed","","not_applicable","","","","","","","","medium","new_site","false","contact_unverified","pending","missing","blocked_personalization","","false","pending","","","",""
"lulu-2ee2e38126","ルル(lulu)","美容室","unconfirmed","","not_applicable","","","","","","","","medium","new_site","false","contact_unverified","pending","ready","reviewed","2","true","pending","","","",""
"elu-by-dice-b4bb887c92","美髪矯正サロン Elu by Dice","美容室","unconfirmed","","not_applicable","","","","","","","","medium","new_site","false","contact_unverified","pending","ready","reviewed","2","true","pending","","","",""
"dice-c34a77e9c1","Dice 髪質改善/メンズ/韓国へア","美容室","unconfirmed","","not_applicable","","","","","","","","medium","new_site","false","contact_unverified","pending","ready","reviewed","2","true","pending","","","",""
"cien-a214cb7ffa","CIEN【シエン】","美容室","unconfirmed","","not_applicable","","","","","","","","medium","new_site","false","contact_unverified","pending","ready","reviewed","2","true","pending","","","",""
"reber-62e7b5c524","Reber【リベル】","美容室","unconfirmed","","not_applicable","","","","","","","","medium","new_site","false","contact_unverified","pending","ready","reviewed","2","true","pending","","","",""
"for-you-22b9682a86","美容室 FOR YOU【フォーユー】","美容室","unconfirmed","","not_applicable","","","","","","","","medium","new_site","false","contact_unverified","pending","ready","reviewed","2","true","pending","","","",""
"place-hair-3321caafd6","Place Hair【プレイスヘアー】","美容室","unconfirmed","","not_applicable","","","","","","","","medium","new_site","false","contact_unverified","pending","ready","reviewed","2","true","pending","","","",""
"ante-02489a6fc7","ANTE【アンテ】","美容室","unconfirmed","","not_applicable","","","","","","","","medium","new_site","false","contact_unverified","pending","ready","reviewed","2","true","pending","","","",""
"estela-74bde28d54","ESTELA","美容室","unconfirmed","","not_applicable","","","","","","","","medium","new_site","false","contact_unverified","pending","ready","reviewed","2","true","pending","","","",""
"venti-hair-spa-49f9da9c12","Venti hair&spa","美容室","unconfirmed","","not_applicable","","","","","","","","medium","new_site","false","contact_unverified","pending","ready","reviewed","2","true","pending","","","",""
"luxu-hair-spa-58ec478512","LUXU hair&spa","美容室","unconfirmed","","not_applicable","","","","","","","","medium","new_site","false","contact_unverified","pending","ready","reviewed","2","true","pending","","","",""
"barber-shop-zon-d1109184b6","barber shop ZoN","理容室","unconfirmed","","not_applicable","","","","","","","","medium","new_site","false","contact_unverified","pending","ready","reviewed","2","true","pending","","","",""
"cut-and-spa-misono-4783b694f1","cut and spa MISONO","美容室","unconfirmed","","not_applicable","","","","","","","","medium","new_site","false","contact_unverified","pending","ready","reviewed","2","true","pending","","","",""
"sen-6069feee8c","sen","美容室","unconfirmed","","not_applicable","","","","","","","","medium","new_site","false","contact_unverified","pending","ready","reviewed","2","true","pending","","","",""
"nemuru-4827801ac6","ヘッドスパサロンnemuru","ヘッドスパ専門サロン","confirmed","https://nemuru-headspa.jp/","undetermined","","","","","","","","medium","other","true","text_ready","missing","missing","blocked_personalization","","true","completed","contact_form","https://nemuru-headspa.jp/contact/","https://nemuru-headspa.jp/contact/","2026-09-28T00:00:00Z"
"relight-ebbd92773b","美容室リライト(relight)","美容室（担当制マンツーマン）","confirmed","https://hair-relight.com/","undetermined","","","","","","","","medium","renewal","true","text_ready","ready","ready","reviewed","3","true","completed","instagram_dm","https://www.instagram.com/relight.takizawa/","https://hair-relight.com/","2026-09-24T12:00:00+09:00"
"g-o-a-t-upper-side-45665ad50d","g.o.a.t UPPER SIDE","理容室・バーバーショップ","confirmed","https://goatupperside.wixsite.com/goatupperside","undetermined","","","","","","","","medium","reservation_lp","true","text_ready","ready","ready","reviewed","3","true","completed","instagram_dm","https://www.instagram.com/g.o.a.t.upper_side/","https://goatupperside.wixsite.com/goatupperside","2026-09-24T12:00:00+09:00"
"flow-men-s-hair-salon-37f7c5516a","Flow Men's Hair Salon（フロウ）","理容室・メンズヘアサロン","unconfirmed","","not_applicable","","","","","","","","medium","new_site","false","contact_unverified","pending","ready","reviewed","2","true","pending","","","",""
"barbershop-101-0619e7353b","BARBERSHOP 101（ワンノウワン）","理容室・バーバー","confirmed","https://bbs101.net/","medium","","","","","","","","medium","renewal","true","text_ready","missing","missing","blocked_personalization","","true","completed","instagram_dm","https://www.instagram.com/101__barbershop/","https://www.instagram.com/101__barbershop/","2026-09-28T00:00:00Z"
"men-s-salon-avance-3993881479","men's salon AVANCE. 尼崎（メンズサロン アヴァンス 尼崎）","メンズサロン（美容室）","unconfirmed","","not_applicable","","","","","","","","medium","new_site","false","contact_unverified","pending","ready","reviewed","2","true","pending","","","",""
"hair-relaxation-make-cosmeti-2f1092c928","Hair & Relaxation・Make & Cosmetic HISUI","ヘアサロン・エステ・リラクゼーション","confirmed","https://hisui.co/","undetermined","","","","","","","","medium","renewal","true","text_ready","ready","ready","reviewed","3","true","completed","contact_form","https://hisui.co/","https://hisui.co/","2026-09-24T12:00:00+09:00"
"nail-salon-jolie-44ab3ee373","Nail Salon 〜Jolie〜","ネイルサロン","confirmed","https://jolie.hp.peraichi.com/","undetermined","","","","","","","","medium","new_site","false","contact_unverified","pending","missing","blocked_personalization","","false","pending","","","",""
"stag-club-003c72e9ff","STAG CLUB（スタッグクラブ）","理容室・バーバーショップ","unconfirmed","","not_applicable","","","","","","","","medium","new_site","false","contact_unverified","pending","ready","reviewed","2","true","pending","","","",""
"lead-846fb3b4e4","日本理容 武庫川店","理容室","unconfirmed","","not_applicable","","","","","","","","medium","new_site","false","contact_unverified","pending","ready","reviewed","2","true","pending","","","",""
"bar-ber-shop-big-papa-86f8b15003","BAR BER SHOP BIG PAPA","理容室・バーバー","unconfirmed","","not_applicable","","","","","","","","medium","new_site","false","contact_unverified","pending","ready","reviewed","2","true","pending","","","",""
"lead-284200f24e","ヘアーサロン イシダ","理容室・ヘアーサロン","unconfirmed","","not_applicable","","","","","","","","medium","new_site","false","contact_unverified","pending","ready","reviewed","2","true","pending","","","",""
"since-c9236065ad","Since とこまゆ","理容室","unconfirmed","","not_applicable","","","","","","","","medium","new_site","false","contact_unverified","pending","ready","reviewed","2","true","pending","","","",""
"hair-salon-hope-af014a68a6","Hair Salon HOPE","理容室・ヘアサロン","unconfirmed","","not_applicable","","","","","","","","medium","new_site","false","contact_unverified","pending","ready","reviewed","2","true","pending","","","",""
"barber-shop-b110d83d0b","barber shop 一（ワン）","理容室・メンズバーバー","unconfirmed","","not_applicable","","","","","","","","medium","new_site","false","contact_unverified","pending","ready","reviewed","2","true","pending","","","",""
"hair-make-youce-b3f25f11df","HAIR MAKE Youce","美容室（完全個室・マンツーマン）","confirmed","https://youce-hair.com/","small","","","","","","","","low","other","true","text_ready","missing","missing","pending","","true","completed","contact_form","https://youce-hair.com/contact/","https://youce-hair.com/","2026-09-24T12:00:00+09:00"
"hair-dressing-shop-salo-03829206ea","Hair Dressing shop Salo","美容室","confirmed","https://salo-hair.com/","small","","","","","","","","low","other","true","text_ready","ready","ready","reviewed","3","true","completed","instagram_dm","https://www.instagram.com/salo_hair/","https://salo-hair.com/","2026-09-24T12:00:00+09:00"
"rond-c20ac46cd3","ROND(ロンド)","美容室","confirmed","https://www.rond.info/","small","","","","","","","","low","reservation_lp","true","text_ready","ready","ready","reviewed","3","true","completed","instagram_dm","https://www.instagram.com/mukonoso_hair_rond/","https://www.rond.info/","2026-09-24T12:00:00+09:00"
"hair-spasalon-mirror-d9330f09df","Hair & Spasalon Mirror'","美容室・ヘアサロン","confirmed","https://mirror-ko.com/","small","","","","","","","","low","other","true","text_ready","ready","ready","reviewed","3","true","completed","instagram_dm","https://www.instagram.com/mirror_official_salon/","https://mirror-ko.com/","2026-09-24T12:00:00+09:00"
"voychica-c72a474746","voychica","美容室","confirmed","https://voychica.com/","small","","","","","","","","low","other","true","text_ready","ready","ready","reviewed","3","true","completed","contact_form","https://voychica.com/contact/","https://voychica.com/","2026-09-24T12:00:00+09:00"
"blanc-44e397a6f2","Eyelash Salon Blanc つかしん前店","まつげエクステサロン","confirmed","https://www.blanc-lash.com/tsukashin/","medium","","","","","","","","low","renewal","true","text_ready","ready","ready","reviewed","3","true","completed","official_line","https://line.naver.jp/ti/p/%40blanc-tsukashin","https://www.blanc-lash.com/tsukashin/","2026-09-24T12:00:00+09:00"
"taya-f20c21f7e3","TAYA 尼崎店","美容室・ヘアサロン","confirmed","https://tayanet.jp/salon/0209/","small","","","","","","","","low","other","true","text_ready","ready","ready","reviewed","3","true","completed","official_line","https://accountpage.line.me/taya209","https://tayanet.jp/salon/0209/","2026-09-24T12:00:00+09:00"
"nice-nail-0246917162","NICE NAIL 尼崎駅前店","ネイルサロン","confirmed","https://www.nice-nail.com/salon/kansai/amagasaki/","small","","","","","","","","low","other","true","text_ready","ready","ready","reviewed","3","true","completed","","","",""
"la-fith-hair-home-jr-660f5712d7","La fith hair Home JR尼崎店","美容室","confirmed","https://lafith.com/la-fith-hair-home-amagasaki/","small","","","","","","","","low","other","true","text_ready","ready","ready","reviewed","3","true","completed","","","",""
"menoa-1b2645c848","menoa(メノア)","アイラッシュサロン","unconfirmed","","not_applicable","","","","","","","","low","new_site","false","contact_unverified","pending","missing","blocked_personalization","","false","pending","","","",""
"lead-34d9bc9283","ビューティーアイラッシュ つかしん店","まつげエクステサロン","unconfirmed","","not_applicable","","","","","","","","low","new_site","false","contact_unverified","pending","ready","reviewed","2","true","pending","","","",""
"lead-91d1ad4d13","マツコのまつげサロン 尼崎店","まつげサロン","unconfirmed","","not_applicable","","","","","","","","low","new_site","false","contact_unverified","pending","missing","blocked_personalization","","false","pending","","","",""
"bodysh-8f22bb2ddc","Bodysh(ボディッシュ) 阪急塚口駅前店","リラクゼーション(アロマリンパ)","unconfirmed","","not_applicable","","","","","","","","low","new_site","false","contact_unverified","pending","ready","reviewed","2","true","pending","","","",""
"repose-831820698e","リラクゼーション＆ヘッドスパ Repose","リラクゼーション・ヘッドスパ","unconfirmed","","not_applicable","","","","","","","","low","new_site","false","contact_unverified","pending","missing","blocked_personalization","","false","pending","","","",""
"lead-0e71bc82bf","プライベートサロン ひだまり～ほぐし処～","リラクゼーション(プライベート)","unconfirmed","","not_applicable","","","","","","","","low","new_site","false","contact_unverified","pending","ready","reviewed","2","true","pending","","","",""
"yavis-nail-d138c1315c","YAVIS_nail","ネイルサロン(完全予約制プライベート)","unconfirmed","","not_applicable","","","","","","","","low","new_site","false","contact_unverified","pending","missing","blocked_personalization","","false","pending","","","",""
"solution-1a4a4dc9d9","Solution(ソリューション)","理容室","unconfirmed","","not_applicable","","","","","","","","low","new_site","false","contact_unverified","pending","ready","reviewed","2","true","pending","","","",""
"barber-shop-goo-20e994b175","BARBER SHOP -Goo-","理容室","unconfirmed","","not_applicable","","","","","","","","low","new_site","false","contact_unverified","pending","ready","reviewed","2","true","pending","","","",""
"barbershop-hairs-9d2bda7792","BarberShop・Hairs","理容室","unconfirmed","","not_applicable","","","","","","","","low","new_site","false","contact_unverified","pending","ready","reviewed","2","true","pending","","","",""
"2-98767ca785","カットハウスロンダ2","理容室","unconfirmed","","not_applicable","","","","","","","","low","new_site","false","contact_unverified","pending","ready","reviewed","2","true","pending","","","",""
"lead-bf80733fe5","内藤理容室","理容室","unconfirmed","","not_applicable","","","","","","","","low","new_site","false","contact_unverified","pending","ready","reviewed","2","true","pending","","","",""
"hair-studio-monaco-27f5d90197","Hair Studio Monaco","理容室・ヘアサロン","unconfirmed","","not_applicable","","","","","","","","low","new_site","false","contact_unverified","pending","ready","reviewed","2","true","pending","","","",""
"barber-1-1-inichi-17e561b1e7","barber 1×1 inichi","理容室","unconfirmed","","not_applicable","","","","","","","","low","new_site","false","contact_unverified","pending","ready","reviewed","2","true","pending","","","",""
"lead-14a3a15a77","理容大串","理容室","unconfirmed","","not_applicable","","","","","","","","low","new_site","false","contact_unverified","pending","ready","reviewed","2","true","pending","","","",""
"lead-73352ec258","青木理容店","理容室","unconfirmed","","not_applicable","","","","","","","","low","new_site","false","contact_unverified","pending","ready","reviewed","2","true","pending","","","",""
"lead-a5b44b699f","ヘアーサロンステーション","理容室","unconfirmed","","not_applicable","","","","","","","","low","new_site","false","contact_unverified","pending","ready","reviewed","2","true","pending","","","",""
"lead-22c89ecfdb","ウエダ","理容室","unconfirmed","","not_applicable","","","","","","","","low","new_site","false","contact_unverified","pending","ready","reviewed","2","true","pending","","","",""
"lead-2df3f303d9","木村理容","理容室","unconfirmed","","not_applicable","","","","","","","","low","new_site","false","contact_unverified","pending","ready","reviewed","2","true","pending","","","",""
"2-d3d2d247d7","カットハウス良2","理容室","unconfirmed","","not_applicable","","","","","","","","low","new_site","false","contact_unverified","pending","ready","reviewed","2","true","pending","","","",""
"lead-0ce3c9703b","モンプチスタイル","理容室","unconfirmed","","not_applicable","","","","","","","","low","new_site","false","contact_unverified","pending","ready","reviewed","2","true","pending","","","",""
"lead-de6238087f","キノシタヘアーサロン","理容室","unconfirmed","","not_applicable","","","","","","","","low","new_site","false","contact_unverified","pending","ready","reviewed","2","true","pending","","","",""
"lead-1391b12611","グリーンルーム","理容室","unconfirmed","","not_applicable","","","","","","","","low","new_site","false","contact_unverified","pending","ready","reviewed","2","true","pending","","","",""
"lead-0b50ae3532","体感ラボ 塚口店","エステサロン","unconfirmed","","not_applicable","","","","","","","","low","new_site","false","contact_unverified","pending","ready","reviewed","2","true","pending","","","",""
"soigne-se-re-ne-8bc8476b46","Soigné Sérène(ソワニエセレーヌ)","エステサロン","unconfirmed","","not_applicable","","","","","","","","low","new_site","false","contact_unverified","pending","ready","reviewed","2","true","pending","","","",""
"hakm-279cd1dbb4","HAKM(ハクム)","美容室","unconfirmed","","not_applicable","","","","","","","","low","new_site","false","contact_unverified","pending","ready","reviewed","2","true","pending","","","",""
"lee-3894a0c18a","Lee尼崎店","美容室","confirmed","https://hair-lee.com/hair_salon/lee-amagasaki/","small","","","","","","","","low","other","true","text_ready","ready","ready","reviewed","3","true","completed","instagram_dm","https://www.instagram.com/leeamasnap/","https://lit.link/en/lee4amagasaki","2026-09-28T00:00:00Z"
"agu-hair-bliss-92db0094e3","Agu hair bliss 阪神尼崎駅前店","美容室・ヘアサロン","unconfirmed","","not_applicable","","","","","","","","low","new_site","false","contact_unverified","pending","ready","reviewed","2","true","pending","","","",""
"cococolor-b00a036b4e","COCOCOLOR尼崎中央店","美容室・ヘアカラー専門店","unconfirmed","","not_applicable","","","","","","","","low","new_site","false","contact_unverified","pending","missing","blocked_personalization","","false","pending","","","",""
"a-z-hair-c579cacad5","a-z.hair","美容室・ヘアサロン","confirmed","https://a-zhair.jp/","small","","","","","","","","low","other","true","text_ready","missing","missing","blocked_personalization","","true","completed","instagram_dm","https://www.instagram.com/a_z.hair/","https://a-zhair.jp/","2026-09-28T00:00:00Z"
"macherie-mukonosou-0743294a80","macherie mukonosou","美容室・ヘアサロン","confirmed","https://www.macherie-mukonosou.com/info","undetermined","","","","","","","","low","renewal","true","text_ready","ready","ready","reviewed","3","true","completed","contact_form","https://www.macherie-mukonosou.com/contact","https://www.macherie-mukonosou.com/info","2026-09-28T00:00:00Z"
"lead-3844f0d1f7","ヘアーズベリー 塚口店","美容室・ヘアサロン","confirmed","https://hairs-berry.com/salon/tsukaguchi/","large","","","","","","","","low","renewal","true","text_ready","missing","missing","blocked_personalization","","true","completed","contact_form","https://hairs-berry.com/contact/","https://hairs-berry.com/salon/tsukaguchi/","2026-09-28T00:00:00Z"
"lead-30bf668fac","理髪館 尼崎店","理容室","confirmed","https://www.matsu-moto.com/s-barber/","undetermined","","","","","","","","low","other","true","text_ready","missing","missing","blocked_personalization","","false","completed","contact_form","https://www.matsu-moto.com/contact/","https://www.matsu-moto.com/contact/","2026-09-28T00:00:00Z"
"soin-de-brace-ddde0338c8","soin de brace 立花店","美容室","unconfirmed","","not_applicable","","","","","","","","low","new_site","false","contact_unverified","pending","ready","reviewed","2","true","pending","","","",""
"lead-7224bc529a","アイ・メイル","美容室","unconfirmed","","not_applicable","","","","","","","","low","new_site","false","contact_unverified","pending","ready","reviewed","2","true","pending","","","",""
"lead-12f0683b9f","アイリー美容室","美容室","unconfirmed","","not_applicable","","","","","","","","low","new_site","false","contact_unverified","pending","ready","reviewed","2","true","pending","","","",""
"lead-75accd20fa","アキュール","美容室","unconfirmed","","not_applicable","","","","","","","","low","new_site","false","contact_unverified","pending","ready","reviewed","2","true","pending","","","",""
"lead-5f10484ce4","アスクスヘアー","美容室","unconfirmed","","not_applicable","","","","","","","","low","new_site","false","contact_unverified","pending","ready","reviewed","2","true","pending","","","",""
"lead-e51d9102ad","アトリエエヌ","美容室","unconfirmed","","not_applicable","","","","","","","","low","new_site","false","contact_unverified","pending","ready","reviewed","2","true","pending","","","",""
"atelier-grow-862d21baae","Atelier Grow","美容室","unconfirmed","","not_applicable","","","","","","","","low","new_site","false","contact_unverified","pending","ready","reviewed","2","true","pending","","","",""
"lead-cb5af7932d","アトリエヨネダ","美容室","unconfirmed","","not_applicable","","","","","","","","low","new_site","false","contact_unverified","pending","ready","reviewed","2","true","pending","","","",""
"lead-cf84a04d13","アニスト","美容室","unconfirmed","","not_applicable","","","","","","","","low","new_site","false","contact_unverified","pending","ready","reviewed","2","true","pending","","","",""
"annex-4786de9157","ANNEX","美容室","unconfirmed","","not_applicable","","","","","","","","low","new_site","false","contact_unverified","pending","ready","reviewed","2","true","pending","","","",""
"lead-fdaad4dd95","アルジャーノン","美容室","unconfirmed","","not_applicable","","","","","","","","low","new_site","false","contact_unverified","pending","ready","reviewed","2","true","pending","","","",""
"alles-73224f805f","ALLES 武庫之荘店","美容室","unconfirmed","","not_applicable","","","","","","","","low","new_site","false","contact_unverified","pending","ready","reviewed","2","true","pending","","","",""
"unconte-3b7e7b6a94","UnConte","美容室","unconfirmed","","not_applicable","","","","","","","","low","new_site","false","contact_unverified","pending","ready","reviewed","2","true","pending","","","",""
"anteros-03678030d1","Anteros","美容室・理容室","unconfirmed","","not_applicable","","","","","","","","low","new_site","false","contact_unverified","pending","ready","reviewed","2","true","pending","","","",""
"lead-5238c26f59","アンベリール","美容室","unconfirmed","","not_applicable","","","","","","","","low","new_site","false","contact_unverified","pending","ready","reviewed","2","true","pending","","","",""
"lead-b80df790f8","アンワインドヘアデザイン","美容室","unconfirmed","","not_applicable","","","","","","","","low","new_site","false","contact_unverified","pending","ready","reviewed","2","true","pending","","","",""
"lead-3877538207","アートビーブル美容室","美容室","unconfirmed","","not_applicable","","","","","","","","low","new_site","false","contact_unverified","pending","ready","reviewed","2","true","pending","","","",""
"lead-0888e8c7e9","インセンス","美容室","unconfirmed","","not_applicable","","","","","","","","low","new_site","false","contact_unverified","pending","ready","reviewed","2","true","pending","","","",""
"lead-713ee68569","エアージュ","美容室","unconfirmed","","not_applicable","","","","","","","","low","new_site","false","contact_unverified","pending","ready","reviewed","2","true","pending","","","",""
"ekolu-by-clap-b5fd12a005","ekolu by clap","美容室","unconfirmed","","not_applicable","","","","","","","","low","new_site","false","contact_unverified","pending","ready","reviewed","2","true","pending","","","",""
"esfera-hair-design-f5ed66c2f4","esfera hair design","美容室","confirmed","https://esfera-hd.com/","small","","","","","","","","low","other","true","text_ready","missing","missing","blocked_personalization","","true","completed","contact_form","https://esfera-hd.com/contact/","https://esfera-hd.com/","2026-09-28T00:00:00Z"
"ever-free-f85498bfd2","ever free","美容室","unconfirmed","","not_applicable","","","","","","","","low","new_site","false","contact_unverified","pending","ready","reviewed","2","true","pending","","","",""
"lead-7aa129a714","エンジョブ塚口店","美容室","unconfirmed","","not_applicable","","","","","","","","low","new_site","false","contact_unverified","pending","ready","reviewed","2","true","pending","","","",""
"ak-hair-4f86b9fedd","AK hair","美容室","unconfirmed","","not_applicable","","","","","","","","low","new_site","false","contact_unverified","pending","ready","reviewed","2","true","pending","","","",""
"lead-71cadc27f8","カットハウスロンダ","美容室・カット専門","unconfirmed","","not_applicable","","","","","","","","low","new_site","false","contact_unverified","pending","ready","reviewed","2","true","pending","","","",""
"lead-e0412c799c","カルムエール","美容室","unconfirmed","","not_applicable","","","","","","","","low","new_site","false","contact_unverified","pending","ready","reviewed","2","true","pending","","","",""
"gunsn-hair-a729ad84d1","GUNSN'hair","美容室","unconfirmed","","not_applicable","","","","","","","","low","new_site","false","contact_unverified","pending","ready","reviewed","2","true","pending","","","",""
"corpurum-c4f16ee8bb","corpurum","美容室","unconfirmed","","not_applicable","","","","","","","","low","new_site","false","contact_unverified","pending","ready","reviewed","2","true","pending","","","",""
"clap-2cba5557d9","clap","美容室","unconfirmed","","not_applicable","","","","","","","","low","new_site","false","contact_unverified","pending","missing","blocked_personalization","","false","pending","","","",""
"lead-3117603b36","グランス","美容室","unconfirmed","","not_applicable","","","","","","","","low","new_site","false","contact_unverified","pending","ready","reviewed","2","true","pending","","","",""
"lead-6259434f75","グリームヘアー","美容室","unconfirmed","","not_applicable","","","","","","","","low","new_site","false","contact_unverified","pending","ready","reviewed","2","true","pending","","","",""
"lead-17cd9f753f","ギュゼル・バヤン","美容室","unconfirmed","","not_applicable","","","","","","","","low","new_site","false","contact_unverified","pending","ready","reviewed","2","true","pending","","","",""
"jr-e2b98d2046","こりとる JR尼崎店","リラクゼーションサロン","confirmed","https://koritoru-relax.com/amagasaki/","medium","","","","","","","","low","renewal","true","text_ready","missing","missing","blocked_personalization","","true","completed","contact_form","https://koritoru-relax.com/contact/","https://koritoru-relax.com/amagasaki/","2026-09-28T00:00:00Z"
"terrace-code-9027b0e534","TERRACE CODE 武庫之荘","美容室","unconfirmed","","not_applicable","","","","","","","","low","new_site","false","contact_unverified","pending","ready","reviewed","2","true","pending","","","",""
"hair-mode-kt-purl-413bfc2dd5","Hair Mode KT Purl","美容室・ヘアサロン","unconfirmed","","not_applicable","","","","","","","","low","new_site","false","contact_unverified","pending","ready","reviewed","2","true","pending","","","",""
"luau-hair-make-f3f2101dad","LUAU［ルアウ］尼崎","美容室・ヘアサロン","confirmed","https://luau.jp.net/","small","","","","","","","","low","other","true","text_ready","missing","missing","blocked_personalization","","true","completed","contact_form","https://luau.jp.net/contact/","https://luau.jp.net/","2026-09-28T00:00:00Z"
"vinculum-by-circulo-f6e32a3b14","Vinculum by circulo 尼崎","美容室・ヘアサロン","unconfirmed","","not_applicable","","","","","","","","low","new_site","false","contact_unverified","pending","ready","reviewed","2","true","pending","","","",""
"mode-k-s-bbde218c9c","MODE K's 尼崎店","美容室・ヘアサロン","confirmed","https://www.modeks.jp/","undetermined","","","","","","","","low","other","true","text_ready","missing","missing","blocked_personalization","","true","completed","instagram_dm","https://www.instagram.com/modeks_press/","https://www.modeks.jp/","2026-09-28T00:00:00Z"
"refine-c854ebc669","Refine.尼崎店","美容室・ヘアサロン","unconfirmed","","not_applicable","","","","","","","","low","new_site","false","contact_unverified","pending","ready","reviewed","2","true","pending","","","",""
"refine-jr-264ea650ed","Refine.JR立花店","美容室・ヘアサロン","unconfirmed","","not_applicable","","","","","","","","low","new_site","false","contact_unverified","pending","ready","reviewed","2","true","pending","","","",""
"agu-hair-alegria-9d270f973f","Agu hair alegria 塚口店","美容室・ヘアサロン","unconfirmed","","not_applicable","","","","","","","","low","new_site","false","contact_unverified","pending","ready","reviewed","2","true","pending","","","",""
"agu-hair-edel-127e924070","Agu hair edel 武庫之荘店","美容室・ヘアサロン","unconfirmed","","not_applicable","","","","","","","","low","new_site","false","contact_unverified","pending","ready","reviewed","2","true","pending","","","",""
"agu-hair-elf-jr-4b0becb5e7","Agu hair elf JR立花駅前店","美容室","unconfirmed","","not_applicable","","","","","","","","low","new_site","false","contact_unverified","pending","ready","reviewed","2","true","pending","","","",""
"allen-hair-dcc1415700","ALLEN hair 阪神尼崎店","美容室・ヘアサロン","unconfirmed","","not_applicable","","","","","","","","low","new_site","false","contact_unverified","pending","ready","reviewed","2","true","pending","","","",""
"yucca-elua-570806eb7d","YUCCA elua 武庫之荘南口","美容室","unconfirmed","","not_applicable","","","","","","","","low","new_site","false","contact_unverified","pending","ready","reviewed","2","true","pending","","","",""
"yucca-ekolu-71be4cf8e5","YUCCA ekolu 塚口","美容室・ヘアサロン","unconfirmed","","not_applicable","","","","","","","","low","new_site","false","contact_unverified","pending","ready","reviewed","2","true","pending","","","",""
"yucca-academy-2af80f7035","YUCCA academy","美容室・ヘアサロン","unconfirmed","","not_applicable","","","","","","","","low","new_site","false","contact_unverified","pending","missing","blocked_personalization","","false","pending","","","",""
"azur-nail-beauty-23e105d422","Azur Nail&beauty 武庫之荘店","ネイル","unconfirmed","","not_applicable","","","","","","","","low","new_site","false","contact_unverified","pending","ready","reviewed","2","true","pending","","","",""
"azur-nail-35db6299dc","Azur Nail 阪神尼崎店","ネイル","unconfirmed","","not_applicable","","","","","","","","low","new_site","false","contact_unverified","pending","ready","reviewed","2","true","pending","","","",""
"dahlia-nail-by-terrace-c057a96ebe","Dahlia nail by TERRACE","ネイルサロン","unconfirmed","","not_applicable","","","","","","","","low","new_site","false","contact_unverified","pending","ready","reviewed","2","true","pending","","","",""
"nicenail-e5d76c617a","NICE NAIL 阪急塚口店","ネイル","confirmed","https://www.nice-nail.com/salon/kansai/tsukaguchi/","small","","","","","","","","low","other","true","text_ready","ready","ready","reviewed","3","true","completed","","","",""
"beauty-labo-e044f30c8e","Beauty labo 塚口店","ネイル・まつげサロン","unconfirmed","","not_applicable","","","","","","","","low","new_site","false","contact_unverified","pending","ready","reviewed","2","true","pending","","","",""
"beauty-labo-7bebbb5467","Beauty labo 武庫之荘店","ネイル・まつげサロン","unconfirmed","","not_applicable","","","","","","","","low","new_site","false","contact_unverified","pending","ready","reviewed","2","true","pending","","","",""
"beauty-labo-nail-eyelash-f6dafe0d87","Beauty labo Nail&Eyelash 阪神尼崎店","ネイル・まつげ","unconfirmed","","not_applicable","","","","","","","","low","new_site","false","contact_unverified","pending","ready","reviewed","2","true","pending","","","",""
"yosapark-jr-poco-8726d7de4e","YOSAPARK JR尼崎南店 POCO","エステ・よもぎ蒸しサロン","unconfirmed","","not_applicable","","","","","","","","low","new_site","false","contact_unverified","pending","ready","reviewed","2","true","pending","","","",""
"yosapark-lily-dbc4224040","YOSAPARK LILY","エステ・よもぎ蒸しサロン","unconfirmed","","not_applicable","","","","","","","","low","new_site","false","contact_unverified","pending","ready","reviewed","2","true","pending","","","",""
"lead-be31c2a201","リラクゼーション&エステ ユナ","リラクゼーション・エステ","unconfirmed","","not_applicable","","","","","","","","low","new_site","false","contact_unverified","pending","ready","reviewed","2","true","pending","","","",""
"ulu-41c82ecc18","ulu","美容室・ネイル","unconfirmed","","not_applicable","","","","","","","","low","new_site","false","contact_unverified","pending","ready","reviewed","2","true","pending","","","",""
"lead-6b0ccb2b2b","ホットナップス 尼崎店","理容室（ヘアサロン）","confirmed","https://hotnapsamagasaki.com/","medium","","","","","","","","low","other","true","text_ready","missing","missing","blocked_personalization","","true","completed","instagram_dm","https://www.instagram.com/hotnaps_amagasaki/","https://www.instagram.com/hotnaps_amagasaki/","2026-09-28T00:00:00Z"
"office-chouchou-cea11bff20","office.chouchou","美容室・サロン（業態未確認）","unconfirmed","","not_applicable","","","","","","","","low","new_site","false","contact_unverified","pending","ready","reviewed","2","true","pending","","","",""
"lead-68c91b7462","ビューティーラボ 立花店","美容室・ネイル","unconfirmed","","not_applicable","","","","","","","","low","new_site","false","contact_unverified","pending","ready","reviewed","2","true","pending","","","",""
"hair-design-dimple-2aeb3e86c6","hair design DIMPLE","美容室","unconfirmed","","not_applicable","","","","","","","","low","new_site","false","contact_unverified","pending","ready","reviewed","2","true","pending","","","",""
"pola-0c25ad5bc7","POLA 東尼崎店","エステ","unconfirmed","","not_applicable","","","","","","","","low","new_site","false","contact_unverified","pending","ready","reviewed","2","true","pending","","","",""
"lead-ed1c799d5b","フラッシュネイル 塚口駅前店","ネイル","unconfirmed","","not_applicable","","","","","","","","low","new_site","false","contact_unverified","pending","ready","reviewed","2","true","pending","","","",""
"eye-beauty-salon-sylph-9b9e881e91","Eye Beauty Salon Sylph 尼崎店","まつげ","unconfirmed","","not_applicable","","","","","","","","low","new_site","false","contact_unverified","pending","ready","reviewed","2","true","pending","","","",""
"menoa-0be6bb99b4","menoa 阪神尼崎店","まつげパーマ・アイブロウ専門店","unconfirmed","","not_applicable","","","","","","","","low","new_site","false","contact_unverified","pending","ready","reviewed","2","true","pending","","","",""
"bupura-7409f4845a","小顔サロン BUPURA 尼崎店","エステ","unconfirmed","","not_applicable","","","","","","","","low","new_site","false","contact_unverified","pending","ready","reviewed","2","true","pending","","","",""
"sakuraspa-7dfe236ef2","SAKURASPA","エステ・スパ","unconfirmed","","not_applicable","","","","","","","","low","new_site","false","contact_unverified","pending","missing","blocked_personalization","","false","pending","","","",""
"lead-cc31bfb185","メンズ／レディスアデランス尼崎","美容室（ヘアケア・ウィッグ）","unconfirmed","","not_applicable","","","","","","","","low","new_site","false","contact_unverified","pending","ready","reviewed","2","true","pending","","","",""
"hair-mode-kt-amagasaki-af3945dfbe","Hair Mode KT AMAGASAKI","美容室","unconfirmed","","not_applicable","","","","","","","","low","new_site","false","contact_unverified","pending","ready","reviewed","2","true","pending","","","",""
"lead-095cc7bf9b","美粧館 尼崎店","美容室","unconfirmed","","not_applicable","","","","","","","","low","new_site","false","contact_unverified","pending","ready","reviewed","2","true","pending","","","",""
"jr-301fe56360","ママスJR尼崎店","美容室","unconfirmed","","not_applicable","","","","","","","","low","new_site","false","contact_unverified","pending","ready","reviewed","2","true","pending","","","",""
"2-663e1fd267","ヘアカラー専門店ビーマイルアミング潮江ウエスト２番館店","美容室（ヘアカラー専門）","unconfirmed","","not_applicable","","","","","","","","low","new_site","false","contact_unverified","pending","ready","reviewed","2","true","pending","","","",""
"lead-fa6c15733b","アイ美容室（神田南通）","美容室","unconfirmed","","not_applicable","","","","","","","","low","new_site","false","contact_unverified","pending","ready","reviewed","2","true","pending","","","",""
"lead-f596354b66","アイ美容室（南武庫之荘）","美容室","unconfirmed","","not_applicable","","","","","","","","low","new_site","false","contact_unverified","pending","ready","reviewed","2","true","pending","","","",""
"lead-f6e5ce792f","美粧館 塚口店","美容室","unconfirmed","","not_applicable","","","","","","","","low","new_site","false","contact_unverified","pending","ready","reviewed","2","true","pending","","","",""
"mama-s-4c5a79453b","MAMA'S 塚口店","美容室","unconfirmed","","not_applicable","","","","","","","","low","new_site","false","contact_unverified","pending","ready","reviewed","2","true","pending","","","",""
"papa-s-cec3519350","PAPA'S 塚口店","理容室","unconfirmed","","not_applicable","","","","","","","","low","new_site","false","contact_unverified","pending","ready","reviewed","2","true","pending","","","",""
"nail-salon-diva-7f966797ba","Nail Salon Diva 塚口店","ネイル","confirmed","https://www.naildiva.jp/shop/tsukaguchi/","small","","","","","","","","low","other","true","text_ready","missing","missing","blocked_personalization","","true","completed","contact_form","https://www.naildiva.jp/contact/","https://www.naildiva.jp/contact/","2026-09-28T00:00:00Z"
"defi-895df9d545","defi（デフィー）武庫之荘店","エステ","confirmed","https://www.e-defi.com/salon/mukonoso.html","small","","","","","","","","low","other","false","contact_unverified","missing","missing","reviewed","2","true","pending","","","",""
"lead-0546b6ac28","コープ理容園田店","理容室","unconfirmed","","not_applicable","","","","","","","","low","new_site","false","contact_unverified","pending","ready","reviewed","2","true","pending","","","",""
"4869-sherlock-568965c6c7","脳疲労改善ドライヘッドスパ武庫之荘 4869 Sherlock","ドライヘッドスパ・脱毛サロン","confirmed","https://4869-sherlock.com/","small","","","","","","","","low","other","true","text_ready","missing","missing","blocked_personalization","","true","completed","contact_form","https://4869-sherlock.com/contact/","https://4869-sherlock.com/","2026-09-24T12:00:00+09:00"
"kkcut-8d2d6df6e3","KKcut（キングスカット）尼崎西店","理容室（カット専門）","unconfirmed","","not_applicable","","","","","","","","low","new_site","false","contact_unverified","pending","ready","reviewed","2","true","pending","","","",""
"lead-f6898ac946","理髪館 塚口店","理容室","unconfirmed","","not_applicable","","","","","","","","low","new_site","false","contact_unverified","pending","ready","reviewed","2","true","pending","","","",""
"lead-94fa3377cd","理容サービス 阪急園田駅前店","理容室","unconfirmed","","not_applicable","","","","","","","","low","new_site","false","contact_unverified","pending","ready","reviewed","2","true","pending","","","",""
"iwasaki-6431ba501c","IWASAKI 兵庫立花店","理容室","unconfirmed","","not_applicable","","","","","","","","low","new_site","false","contact_unverified","pending","ready","reviewed","2","true","pending","","","",""
"iwasaki-e9e0b5b492","IWASAKI 尼崎店","理容室","unconfirmed","","not_applicable","","","","","","","","low","new_site","false","contact_unverified","pending","ready","reviewed","2","true","pending","","","",""
"iwasaki-c1f6d4342b","IWASAKI 尼崎大物店","理容室","unconfirmed","","not_applicable","","","","","","","","low","new_site","false","contact_unverified","pending","ready","reviewed","2","true","pending","","","",""
"iwasaki-2-8aadd2af46","IWASAKI 兵庫園田2号店","理容室","unconfirmed","","not_applicable","","","","","","","","low","new_site","false","contact_unverified","pending","ready","reviewed","2","true","pending","","","",""
"iwasaki-7197ad649f","IWASAKI 尼崎下坂部店","理容室","unconfirmed","","not_applicable","","","","","","","","low","new_site","false","contact_unverified","pending","ready","reviewed","2","true","pending","","","",""
"lu-more-bb79392cab","Lu more ルモワ 尼崎店","まつげパーマ・マツエク・眉毛サロン","unconfirmed","","not_applicable","","","","","","","","low","new_site","false","contact_unverified","pending","ready","reviewed","2","true","pending","","","",""
"men-s-dione-9ce176cf90","Men's Dione（メンズディオーネ）尼崎店","メンズ脱毛サロン","unconfirmed","","not_applicable","","","","","","","","low","new_site","false","contact_unverified","pending","ready","reviewed","2","true","pending","","","",""
"i-m-f6de962922","アイブロウサロン i'm 尼崎店【眉毛専門店】","アイブロウ専門店","confirmed","https://eyebrowim.com/salon/%E3%82%A2%E3%82%A4%E3%83%96%E3%83%AD%E3%82%A6%E3%82%B5%E3%83%AD%E3%83%B3-im-%E5%B0%BC%E5%B4%8E%E5%BA%97/","undetermined","uncertain","unknown","pending","","","","","","","true","text_ready","ready","ready","reviewed","3","false","completed","instagram_dm","https://www.instagram.com/eyebrow_im/","https://eyebrowim.com/salon/%E3%82%A2%E3%82%A4%E3%83%96%E3%83%AD%E3%82%A6%E3%82%B5%E3%83%AD%E3%83%B3-im-%E5%B0%BC%E5%B4%8E%E5%BA%97/","2026-09-28T00:00:00Z"
"fleur-lash-32c404b110","まつげ・眉毛専門店 Fleur Lash【フルールラッシュ】","まつげ・アイブロウ専門店","unconfirmed","","not_applicable","uncertain","unknown","pending","","","","","","","true","text_ready","missing","missing","blocked_personalization","","false","completed","instagram_dm","https://www.instagram.com/fleur_lash.s/","https://ameblo.jp/fleur-lash/entry-12973614411.html","2026-09-28T00:00:00Z"
"dearly-nail-d6062a6bfd","Dearly Nail（ディアリーネイル）","ネイルサロン","confirmed","https://dearlynail.com/index.html","undetermined","uncertain","unknown","pending","","","","","","","true","text_ready","ready","ready","reviewed","3","false","completed","instagram_dm","https://www.instagram.com/dearlynail_/","https://dearlynail.com/index.html","2026-09-28T00:00:00Z"
"nail-gallery-avant-591bd2358b","NAIL GALLERY Avant 塚口店（アヴァン）","ネイル・まつげ","unconfirmed","","not_applicable","uncertain","unknown","pending","","","","","","","false","contact_not_found","pending","pending","pending","","false","completed","","","",""
"micheline-nail-4803cf0753","micheline nail.（ミシュリーヌ）","プライベートネイルサロン","unconfirmed","","not_applicable","uncertain","unknown","pending","","","","","","","true","text_ready","ready","ready","reviewed","3","false","completed","email","misakinail@gmail.com","https://ameblo.jp/micheline-nail/","2026-09-28T00:00:00Z"
"nail-art-uni-1202ef5a35","Nail Art UNI（ネイルアートユニ）","ネイルサロン","confirmed","https://www.nail-art-uni.jp/","undetermined","","","","","","","","","","true","text_ready","ready","ready","reviewed","3","false","completed","contact_form","https://www.nail-art-uni.jp/contact","https://www.nail-art-uni.jp/contact","2026-09-28T00:00:00Z"
"amo-nail-0dedd05236","amo nail（アモネイル）","プライベートネイルサロン","confirmed","https://amo-nail.com/","undetermined","","","","","","","","","","true","text_ready","ready","ready","reviewed","3","false","completed","contact_form","https://amo-nail.com/contact/","https://amo-nail.com/","2026-09-28T00:00:00Z"
"i-nail-14cf5d33e1","i NAIL（アイネイル）","ネイルサロン","unconfirmed","","not_applicable","uncertain","unknown","pending","","","","","","","true","text_ready","ready","ready","reviewed","3","false","completed","instagram_dm","https://www.instagram.com/inail.sonoda/","https://www.instagram.com/inail.sonoda/","2026-09-28T00:00:00Z"
"yui-s-nail-e4f9af1eaa","YUI's NAIL（ユイズネイル）","ネイルサロン","confirmed","https://www.yui-s-nail.com/","undetermined","","","","","","","","","","false","contact_unverified","pending","pending","pending","","false","access_limited","","","",""
"white-eye-323fe33d93","アイブロウサロン WHITE EYE 尼崎（ホワイトアイ）","アイブロウ専門店","confirmed","https://whiteeye.info/salon/salon-2848/","undetermined","uncertain","unknown","pending","","","","","","","true","text_ready","ready","ready","reviewed","3","false","completed","instagram_dm","https://www.instagram.com/white.eye_official/","https://www.instagram.com/white.eye_official/","2026-09-28T00:00:00Z"
"fws-salon-47c0520735","FWS まつげエクステ＆美眉スタイリング 阪急塚口salon本店","まつげ・アイブロウサロン","confirmed","https://fws-fws.com/","undetermined","uncertain","unknown","pending","","","","","","","true","text_ready","ready","ready","reviewed","3","false","completed","contact_form","https://fws-fws.com/contact","https://fws-fws.com/contact","2026-09-28T00:00:00Z"
"lucil-eyelash-vierra-6f30a56603","lucil eyelash（ルシルアイラッシュ）VIERRA塚口店","まつげ・アイブロウサロン","confirmed","https://battery-hairmake.com/lucil_tsukaguchi.php","undetermined","uncertain","unknown","pending","","","","","","","false","phone_only","pending","pending","pending","","false","completed","","","",""
"meme-30565aa5f9","meme 武庫之荘（メメ）","まつげ・アイブロウサロン","unconfirmed","","not_applicable","uncertain","unknown","pending","","","","","","","true","text_ready","missing","missing","blocked_personalization","","false","completed","instagram_dm","https://www.instagram.com/meme.eyesalon/","https://www.instagram.com/meme.eyesalon/","2026-09-28T00:00:00Z"
"cil-15e7130b83","まつ毛/アイブロウ特化サロン Cil 尼崎（シル）","まつげ・アイブロウ専門店","unconfirmed","","not_applicable","uncertain","unknown","pending","","","","","","","false","contact_not_found","pending","pending","pending","","false","completed","","","",""
"sayaka-meem-7f6d53a538","眉毛まつげのお店 Sayaka/尼崎（meem.）","眉毛・まつげ専門サロン","unconfirmed","","not_applicable","uncertain","unknown","pending","","","","","","","false","contact_not_found","pending","pending","pending","","false","completed","","","",""
"eyelash-salon-rean-4af871413c","eyelash salon ReAN（アイラッシュサロン リアン）","アイラッシュサロン","unconfirmed","","not_applicable","uncertain","unknown","pending","","","","","","","true","text_ready","missing","missing","blocked_personalization","","false","completed","instagram_dm","https://www.instagram.com/rean_eyelash_0725/","https://www.instagram.com/rean_eyelash_0725/","2026-09-28T00:00:00Z"
"caresalon-calla-f737b54139","caresalon calla（ケアサロン カーラ）","プライベートサロン（まつげパーマ等）","unconfirmed","","not_applicable","uncertain","unknown","pending","","","","","","","true","text_ready","missing","missing","blocked_personalization","","false","completed","instagram_dm","https://www.instagram.com/caresalon_calla/","https://www.instagram.com/caresalon_calla/","2026-09-28T00:00:00Z"
"e-crea-e98437180e","E'CREA 武庫之荘店（エクレア）","まつげパーマ専門店","unconfirmed","","not_applicable","uncertain","unknown","pending","","","","","","","false","contact_not_found","pending","pending","pending","","false","completed","","","",""
"lila-f51f6660f2","Lila 武庫之荘店（リラ）","まつげエクステ・まつげパーマ","confirmed","https://oress-inc.com/sp/1155/","undetermined","uncertain","unknown","pending","","","","","","","false","phone_only","pending","pending","pending","","false","completed","","","",""
"lila-2d8b7e2952","Lila 塚口店（リラ）","まつげエクステ・まつげパーマ","confirmed","https://oress-inc.com/sp/1153/","undetermined","uncertain","unknown","pending","","","","","","","false","phone_only","pending","pending","pending","","false","completed","","","",""
"betty-893951ba11","betty 立花店（ベティ）","まつげ・眉専門サロン","confirmed","https://betty-eyesalon.com/","undetermined","uncertain","unknown","pending","","","","","","","true","text_ready","missing","missing","blocked_personalization","","false","completed","instagram_dm","https://www.instagram.com/bettysalon_official/","https://betty-eyesalon.com/","2026-09-28T00:00:00Z"
"kangol-beauty-salon-eyelash-b970586c0e","KANGOL BEAUTY SALON あまがさき店（Eyelash）","アイラッシュ・フェイスサロン","confirmed","https://www.kangol-salon.com/","undetermined","uncertain","unknown","pending","","","","","","","true","text_ready","missing","missing","blocked_personalization","","false","completed","contact_form","https://www.kangol-salon.com/contact-8","https://www.kangol-salon.com/contact-8","2026-09-28T00:00:00Z"
"nail2-fc01e0a352","NAIL2 あまがさきキューズモール店","ネイルサロン","unconfirmed","","not_applicable","uncertain","unknown","pending","","","","","","","false","contact_not_found","pending","pending","pending","","false","completed","","","",""
"lead-414aaea122","フラッシュネイル あまがさきキューズモール店","ネイルサロン","confirmed","https://www.paris.co.jp/nail/tukaguchi/","undetermined","uncertain","unknown","pending","","","","","","","false","phone_only","pending","pending","pending","","false","completed","","","",""
"viraca-ead5958441","Viraca（ヴィラカ）","自宅ネイルサロン","unconfirmed","","not_applicable","uncertain","unknown","pending","","","","","","","false","contact_unverified","pending","pending","pending","","false","in_progress","","","",""
"rindonaille-0bb40161df","Rindonaille（リンドネイユ）","プライベートネイルサロン","unconfirmed","","not_applicable","uncertain","unknown","pending","","","","","","","true","text_ready","missing","missing","blocked_personalization","","false","completed","instagram_dm","https://www.instagram.com/rindonaiille/","https://www.instagram.com/rindonaiille/","2026-09-28T00:00:00Z"
"beauty-salon-m-shiori-e34731241e","Beauty salon M.（@SHIORI）","プライベートネイルサロン","unconfirmed","","not_applicable","uncertain","unknown","pending","","","","","","","true","text_ready","missing","missing","blocked_personalization","","false","completed","instagram_dm","https://www.instagram.com/shi_nail.m/","https://www.instagram.com/shi_nail.m/","2026-09-28T00:00:00Z"
"no-267-nao-47d7301bc0","尼崎塚口ネイルサロン No.267［Nao］","ネイルサロン","unconfirmed","","not_applicable","uncertain","unknown","pending","","","","","","","true","text_ready","missing","missing","blocked_personalization","","false","completed","instagram_dm","https://www.instagram.com/nailsalon_no.267/","https://www.instagram.com/nailsalon_no.267/","2026-09-28T00:00:00Z"
"laughy-nail-4f7cd2ab6d","Laughy nail（ラフィーネイル）","自宅ネイルサロン","unconfirmed","","not_applicable","uncertain","unknown","pending","","","","","","","true","text_ready","missing","missing","blocked_personalization","","false","completed","instagram_dm","https://www.instagram.com/laughy_nail_/","https://www.instagram.com/asami_nail_laughy/","2026-09-28T00:00:00Z"
"naileyelash-k-nail-salon-k-ec96190482","naileyelash.K（nail salon K）","ネイル・アイラッシュ","unconfirmed","","not_applicable","uncertain","unknown","pending","","","","","","","true","text_ready","missing","missing","blocked_personalization","","false","completed","instagram_dm","https://www.instagram.com/keiko_nail.0724/","https://www.instagram.com/keiko_nail.0724/","2026-09-28T00:00:00Z"
"jyu-jyu-nail-67f44d36c8","JYU-JYU NAIL（ジュジュネイル）","ネイルサロン","unconfirmed","","not_applicable","uncertain","unknown","pending","","","","","","","false","contact_unverified","pending","pending","pending","","false","access_limited","","","",""
"yu-nail-191985173b","yu___nail（ゆうネイル）","自宅ネイルサロン","unconfirmed","","not_applicable","uncertain","unknown","pending","","","","","","","true","text_ready","missing","missing","blocked_personalization","","false","completed","instagram_dm","https://www.instagram.com/yu___.nail/","https://minimodel.jp/list/2/28/c12/162","2026-09-28T00:00:00Z"
"nailsalon-enu-701e468f39","nailsalon enu.","ネイルサロン","unconfirmed","","not_applicable","uncertain","unknown","pending","","","","","","","true","text_ready","missing","missing","blocked_personalization","","false","completed","instagram_dm","https://www.instagram.com/enu.nailsalon/","https://beauty.hotpepper.jp/kr/slnH000643876/","2026-09-28T00:00:00Z"
"coeur-ef9bd32f59","エステサロンCoeur【クール】","エステ（フェイシャル・ボディ・脱毛・ネイル）","confirmed","https://www.saloncoeur.jp/salon","undetermined","uncertain","unknown","pending","","","","","","","true","text_ready","missing","missing","blocked_personalization","","false","completed","email","info@saloncoeur.jp","https://www.saloncoeur.jp/salon","2026-09-28T00:00:00Z"
"lead-faafd61479","サロン ド ルシェル 塚口","脱毛・シミ毛穴ケアエステ（女性専用個室）","unconfirmed","","not_applicable","uncertain","unknown","pending","","","","","","","false","contact_unverified","pending","pending","pending","","false","access_limited","","","",""
"juanga-2d3b0f46e7","JUANGA（ジュアンガ）","ヘッドスパ・リンパ・小顔・アイラッシュのプライベートサロン","confirmed","https://juanga.top/","undetermined","uncertain","unknown","pending","","","","","","","true","text_ready","ready","ready","reviewed","3","false","completed","instagram_dm","https://www.instagram.com/clearing_juanga/","https://juanga.top/","2026-09-28T00:00:00Z"
"lume-lume-b91bf42398","美肌脱毛lume（エステサロンlume）","脱毛・美肌エステ（完全個室プライベート）","confirmed","https://lume-bihada.com/","undetermined","","","","","","","","","","true","text_ready","ready","ready","reviewed","3","false","completed","instagram_dm","https://www.instagram.com/tomo20150205/","https://lume-bihada.com/","2026-09-28T00:00:00Z"
"lily-s-emy-eb74680128","LiLy's emy（リリーズエミー）","脱毛・スキンケアサロン","unconfirmed","","not_applicable","uncertain","unknown","pending","","","","","","","true","text_ready","missing","missing","blocked_personalization","","false","completed","instagram_dm","https://www.instagram.com/lilys_emy/","https://www.instagram.com/lilys_emy/","2026-09-28T00:00:00Z"
"andc-beauty-salon-16713f3b40","andC Beauty salon（アンドシー）","痩身（キャビ・RF）・エステ","confirmed","https://andc-beauty.com/","undetermined","uncertain","unknown","pending","","","","","","","true","text_ready","missing","missing","blocked_personalization","","false","completed","contact_form","https://andc-beauty.com/contact/","https://andc-beauty.com/","2026-09-28T00:00:00Z"
"nico-adfbac6aa2","脱毛のお店 NICO（ニコ）","ワックス・光脱毛（完全予約制プライベートサロン）","confirmed","https://nico-wax.com/","undetermined","","","","","","","","","","true","text_ready","ready","ready","reviewed","3","false","completed","email","nico.tsukaguchi@gmail.com","https://nico-wax.com/contact","2026-09-28T00:00:00Z"
"lead-c677170c6b","ニコプラス","ブラジリアンワックス・シュガー脱毛（プライベートサロン）","confirmed","https://nicoplus.jp/","undetermined","","","","","","","","","","true","text_ready","missing","missing","blocked_personalization","","false","completed","contact_form","https://nicoplus.jp/?page_id=18","https://nicoplus.jp/","2026-09-28T00:00:00Z"
"relaxation-ado-f737849081","Relaxation Ado -つかしん-（リラクゼーション エイド）","リラクゼーション・アロマ・小顔・脱毛","confirmed","https://tsukashineido.com/","undetermined","uncertain","unknown","pending","","","","","","","true","text_ready","missing","missing","blocked_personalization","","false","completed","official_line","https://lin.ee/rEvrcWq","https://tsukashineido.com/","2026-09-28T00:00:00Z"
"nicoa-3a16a4ae1f","nicoa（ニコア）","フェイシャル・痩身・脱毛エステ","unconfirmed","","not_applicable","uncertain","unknown","pending","","","","","","","false","contact_not_found","pending","pending","pending","","false","completed","","","",""
"mana-2ef89c61cc","毛穴ケア＆美肌脱毛サロン mana","脱毛・毛穴ケアエステ","unconfirmed","","not_applicable","uncertain","unknown","pending","","","","","","","false","contact_not_found","pending","pending","pending","","false","completed","","","",""
"vixias-02c46e68b7","VIXIAS（ヴィシアス）","脱毛・眉ケア（メンズ・レディース）","unconfirmed","","not_applicable","uncertain","unknown","pending","","","","","","","true","text_ready","missing","missing","blocked_personalization","","false","completed","instagram_dm","https://www.instagram.com/VIXIAS__BEAUTY/","https://beauty.hotpepper.jp/kr/slnH000717009/","2026-09-28T00:00:00Z"
"private-salon-days-2748c37aa8","Private Salon Days.（プライベートサロン デイズ）","痩身・エステ（看護師運営プライベートサロン）","unconfirmed","","not_applicable","uncertain","unknown","pending","","","","","","","false","contact_not_found","pending","pending","pending","","false","completed","","","",""
"private-salon-coco-clair-6f928806e5","Private Salon Coco Clair（ココクレール）","痩身・フェイシャル・脱毛エステ（ベッド1台の個人サロン）","unconfirmed","","not_applicable","uncertain","unknown","pending","","","","","","","false","contact_not_found","pending","pending","pending","","false","completed","","","",""
"mavy-00cbbe4da4","MavY.（マヴィ）塚口店","脱毛サロン","unconfirmed","","not_applicable","uncertain","unknown","pending","","","","","","","true","text_ready","missing","missing","blocked_personalization","","false","completed","instagram_dm","https://www.instagram.com/mav.y.tsukaguchi/","https://beauty.hotpepper.jp/kr/slnH000801641/","2026-09-28T00:00:00Z"
"ulti-by-dolce-449923274d","小顔専門店 Ulti by dolce（アルティ バイ ドルチェ）","小顔・エステ","unconfirmed","","not_applicable","uncertain","unknown","pending","","","","","","","true","text_ready","missing","missing","blocked_personalization","","false","completed","instagram_dm","https://www.instagram.com/ulti_by_dolce1107/","https://esthesearch.com/spot/e128000ey16585/","2026-09-28T00:00:00Z"
"maison-de-m-beauty-salon-22855bdcb3","maison de M BEAUTY SALON（メゾン ド エム）","フェイシャル・ブラジリアンワックス・光脱毛・アイラッシュ","confirmed","https://maisondem.shopinfo.jp/","undetermined","uncertain","unknown","pending","","","","","","","false","contact_unverified","pending","pending","pending","","false","pending","","","",""
"owl-healing-3923c74358","Owl healing（オウルヒーリング）","トータルビューティー（まつげ・フェイシャル・脱毛）","unconfirmed","","not_applicable","uncertain","unknown","pending","","","","","","","false","contact_not_found","pending","pending","pending","","false","completed","","","",""
"linore-197fae8d04","LINOREパーソナルジム・エステ立花店（リノア）","パーソナルジム併設エステ","unconfirmed","","not_applicable","uncertain","unknown","pending","","","","","","","false","phone_only","pending","pending","pending","","false","completed","","","",""
"muyuju-4254548458","muyuju（ムユウジュ）","痩身エステ（オーナー1名）","unconfirmed","","not_applicable","uncertain","unknown","pending","","","","","","","false","phone_only","pending","pending","pending","","false","completed","","","",""
"yosapark-heavenly-jr-d8c593a514","YOSAPARK Heavenly JR立花店","よもぎ蒸し・痩身（プライベートサロン）","unconfirmed","","not_applicable","uncertain","unknown","pending","","","","","","","false","phone_only","pending","pending","pending","","false","completed","","","",""
"manekin-body-salon-eden-77bd5fb69c","Manekin Body Salon Eden（マネキンボディサロン エデン）","痩身・ボディメイクエステ","confirmed","https://manekinbody-eden.com/","undetermined","uncertain","unknown","pending","","","","","","","true","text_ready","missing","missing","blocked_personalization","","false","completed","instagram_dm","https://www.instagram.com/manekinbodysalon_eden/","https://manekinbody-eden.com/","2026-09-28T00:00:00Z"
"lead-10be7f2c4e","サロン ド リュテラス","小顔・痩身エステ","confirmed","https://luterus.jp/","undetermined","uncertain","unknown","pending","","","","","","","true","text_ready","missing","missing","blocked_personalization","","false","completed","contact_form","https://luterus.jp/contact/index.php","https://luterus.jp/contact/index.php","2026-09-28T00:00:00Z"
"jasmine-spa-87e86a9411","Jasmine spa（ジャスミンスパ）","痩身（脂肪冷却）・韓国式スキンケア","unconfirmed","","not_applicable","uncertain","unknown","pending","","","","","","","true","text_ready","missing","missing","blocked_personalization","","false","completed","instagram_dm","https://www.instagram.com/jasmine_spa_mukonoso/","https://www.instagram.com/jasmine_spa_mukonoso/","2026-09-28T00:00:00Z"
"yosapark-lueur-kajo-3f04522830","YOSAPARK LUEUR Kajo（ヨサパーク リュールカジョ）","よもぎ蒸し・痩身","unconfirmed","","not_applicable","uncertain","unknown","pending","","","","","","","true","text_ready","missing","missing","blocked_personalization","","false","completed","instagram_dm","https://www.instagram.com/yosapark_lueur.kajo/","https://beauty.hotpepper.jp/kr/slnH000797158/","2026-09-28T00:00:00Z"
"patora-e3b0086e27","PATORA（パトラ）塚口店","痩身・フェイシャル・バストケア","confirmed","https://www.esthe-patora.com/salon/tsukaguchi","undetermined","uncertain","unknown","pending","","","","","","","true","text_ready","ready","ready","reviewed","3","false","completed","contact_form","https://www.esthe-patora.com/salon/tsukaguchi","https://www.esthe-patora.com/salon/tsukaguchi","2026-09-28T00:00:00Z"
"healing-beauty-nana-c89c853651","Healing & Beauty nana（ヒーリング アンド ビューティー ナナ）","アロマリンパ・フェイシャル・ハーブ蒸し（女性専用1名サロン）","unconfirmed","","not_applicable","uncertain","unknown","pending","","","","","","","false","contact_not_found","pending","pending","pending","","false","completed","","","",""
"rebloom-beauty-salon-and-pil-438c69703d","Rebloom BEAUTY SALON AND PILATES ROOM（リブルーム）","エステ・ピラティス","unconfirmed","","not_applicable","uncertain","unknown","pending","","","","","","","true","text_ready","ready","ready","reviewed","3","false","completed","instagram_dm","https://www.instagram.com/rebloom_beauty/","https://www.instagram.com/rebloom_beauty/","2026-09-28T00:00:00Z"
"lumirise-vibliss-f1fdd379c3","lumirise vibliss（ルミライズ ヴィブリス）","小顔矯正・腹部マッサージ","unconfirmed","","not_applicable","uncertain","unknown","pending","","","","","","","false","contact_not_found","pending","pending","pending","","false","completed","","","",""
"zzz-3f51c5fdd1","アロマ・リンパマッサージ ZZZ...スゥ～","アロマ・リンパマッサージ","unconfirmed","","not_applicable","uncertain","unknown","pending","","","","","","","false","contact_not_found","pending","pending","pending","","false","completed","","","",""
"nurse-skin-ff1c9b5b17","nurse skin（ナーススキン）","フェイシャル・肌治療系エステ","unconfirmed","","not_applicable","uncertain","unknown","pending","","","","","","","false","contact_not_found","pending","pending","pending","","false","completed","","","",""
"nayula-spa-1a5a597b97","Nayula Spa（ナユラスパ）","スパ・エステ（女性専用個人サロン）","unconfirmed","","not_applicable","uncertain","unknown","pending","","","","","","","false","contact_not_found","pending","pending","pending","","false","completed","","","",""
"lead-5201eb19bb","もみほぐし・ヘッドスパ～椿～","もみほぐし・ヘッドスパ","unconfirmed","","not_applicable","uncertain","unknown","pending","","","","","","","false","contact_unverified","pending","pending","pending","","false","pending","","","",""
"le-ciel-d87e71390d","プライベートサロン ルシェル（Le Ciel）","リラクゼーション・フェイシャル（女性専用）","unconfirmed","","not_applicable","uncertain","unknown","pending","","","","","","","false","contact_unverified","pending","pending","pending","","false","pending","","","",""
"salon-beia-f8ffca61cd","サロンベイア（salon Beia）","美肌・フェイシャルワックス（女性専用）","unconfirmed","","not_applicable","uncertain","unknown","pending","","","","","","","false","contact_unverified","pending","pending","pending","","false","pending","","","",""
"lead-171cb78ae4","発酵温浴と癒し処 やましろ","発酵温浴・よもぎ蒸し","unconfirmed","","not_applicable","uncertain","unknown","pending","","","","","","","false","contact_unverified","pending","pending","pending","","false","pending","","","",""
"detox-salon-chu-ra-57a52e731a","リンパマッサージ/ビオスチーム detox salon Chu.ra（チュラ）","アロマリンパ・よもぎ蒸し（女性専用）","unconfirmed","","not_applicable","uncertain","unknown","pending","","","","","","","false","contact_unverified","pending","pending","pending","","false","pending","","","",""
"yuu-62c06ad356","ドライヘッドスパ yuu（ユウ）","ドライヘッドスパ（よもぎ蒸しオプション）","unconfirmed","","not_applicable","uncertain","unknown","pending","","","","","","","false","contact_unverified","pending","pending","pending","","false","pending","","","",""
"yosapark-hiruras-b3df71ae02","YOSAPARK Hiruras 武庫之荘（ヨサパーク ヒルラス）","よもぎ蒸し（女性専用）","unconfirmed","","not_applicable","uncertain","unknown","pending","","","","","","","false","contact_unverified","pending","pending","pending","","false","pending","","","",""
"re-ciel-df2fa8621b","Re Ciel（ルシエル）","ドライヘッドスパ専門","unconfirmed","","not_applicable","uncertain","unknown","pending","","","","","","","false","contact_unverified","pending","pending","pending","","false","pending","","","",""
"bodyell-845c899173","BODYELL（ボディーエール）塚口店","マッサージ・アロマ・ヘッドスパ・リフレ","confirmed","https://www.bodyell.com/","undetermined","uncertain","unknown","pending","","","","","","","true","text_ready","ready","ready","generated","3","false","completed","instagram_dm","https://www.instagram.com/BODYELL2012","https://www.bodyell.com/","2026-09-28T00:00:00Z"
"beauty-salon-airi-368227f53e","Beauty Salon AIRI（アイリ）","フェイシャル・ボディ・バストケア・ネイル・ハーブ","unconfirmed","","not_applicable","uncertain","unknown","pending","","","","","","","false","contact_unverified","pending","pending","pending","","false","pending","","","",""
"escos-effa2ac25f","ESCOS（エスコス）塚口店","エンダモロジー・痩身・フェイシャル","confirmed","https://www.escos.co.jp/","undetermined","uncertain","unknown","pending","","","","","","","true","text_ready","missing","missing","blocked_personalization","","false","completed","instagram_dm","https://www.instagram.com/escos2011/","https://www.escos.co.jp/","2026-09-28T00:00:00Z"
"kiwami-cce0e0de6e","デトックスリンパラボ 極～kiwami～","ディープリンパドレナージュ","unconfirmed","","not_applicable","uncertain","unknown","pending","","","","","","","false","contact_unverified","pending","pending","pending","","false","pending","","","",""
"beauty-salon-9edaa181e5","Beauty Salon 艶（ツヤ）","キャビ・ラジオ波痩身エステ","unconfirmed","","not_applicable","uncertain","unknown","pending","","","","","","","false","contact_unverified","pending","pending","pending","","false","pending","","","",""
"re-lief-952660fc45","美容整体サロン Re:lief（リリーフ）","美容整体・痩身・小顔・ブライダルコース","unconfirmed","","not_applicable","uncertain","unknown","pending","","","","","","","false","contact_unverified","pending","pending","pending","","false","pending","","","",""
"inipi-07e9a3f13e","セルフよもぎ蒸しサロン*inipi（イニピ）","セルフよもぎ蒸し","confirmed","https://self-yomogi.amebaownd.com/","undetermined","","","","","","","","","","true","text_ready","missing","missing","blocked_personalization","","false","completed","email","planetdream1014@gmail.com","https://self-yomogi.amebaownd.com/","2026-09-28T00:00:00Z"
"lead-be28ff934d","癒し空間 一の手","マッサージ・アロマトリートメント・ヘッド・フット","confirmed","https://ichinote.net/","undetermined","","","","","","","","","","true","text_ready","missing","missing","pending","","false","completed","contact_form","https://ichinote.net/index.php?toiawase","https://ichinote.net/","2026-09-28T00:00:00Z"
"lead-b40060d5c7","温活＆ドライヘッドスパサロン ここはな","岩盤浴・ドライヘッドスパ・フェイシャル脱毛ワックス","confirmed","https://counseling-room.com/onkatsu/","undetermined","","","","","","","","","","true","text_ready","ready","ready","reviewed","3","false","completed","official_line","https://lin.ee/gEW4Fzp","https://counseling-room.com/onkatsu/","2026-09-28T00:00:00Z"
"na-iro-a0690e7993","ナナイロ（na奈iro）","ドライヘッドスパ専門（完全個室）","unconfirmed","","not_applicable","uncertain","unknown","pending","","","","","","","false","contact_unverified","pending","pending","pending","","false","pending","","","",""
"jr-some-197b5b5965","ソメ JR尼崎アミング潮江店（白髪染め＆ケア専門店SOME）","ヘアカラー専門店・白髪染め専門","unconfirmed","","not_applicable","uncertain","unknown","pending","","","","","","","false","contact_unverified","pending","pending","pending","","false","pending","","","",""
"bright-5c438e3f96","縮毛矯正専門店 BRIGHT（ブライト）","縮毛矯正専門・髪質改善","confirmed","https://bright-tathibana.amebaownd.com/","undetermined","","","","","","","","","","false","phone_only","pending","pending","pending","","false","completed","","","",""
"beauty-color-plus-382b8a546b","Beauty Color Plus アマスタアマセン店","ヘアカラー専門店","confirmed","https://beautycolorplus.com/estate/amasta/","undetermined","","","","","","","","","","true","text_ready","missing","missing","pending","","false","completed","contact_form","https://beautycolorplus.com/contact?post_title=%E3%82%A2%E3%83%9E%E3%82%B9%E3%82%BF%E3%82%A2%E3%83%9E%E3%82%BB%E3%83%B3%E5%BA%97","https://beautycolorplus.com/estate/amasta/","2026-09-28T00:00:00Z"
"beauty-color-plus-521875c658","Beauty Color Plus グンゼタウンセンターつかしん店","ヘアカラー専門店","confirmed","https://beautycolorplus.com/","undetermined","","","","","","","","","","true","text_ready","missing","missing","pending","","false","completed","contact_form","https://beautycolorplus.com/contact/","https://beautycolorplus.com/","2026-09-28T00:00:00Z"
"fufu-socola-66a610eae8","fufu SOCOLA塚口クロス店","ヘアカラー専門店","confirmed","https://fufucolor.com/shop-list/dtl/socola%e5%a1%9a%e5%8f%a3%e3%82%af%e3%83%ad%e3%82%b9%e5%ba%97/","undetermined","","","","","","","","","","true","text_ready","missing","missing","blocked_personalization","","false","completed","instagram_dm","https://www.instagram.com/fufu_haircolor/","https://fufucolor.com/shop-list/dtl/socola%e5%a1%9a%e5%8f%a3%e3%82%af%e3%83%ad%e3%82%b9%e5%ba%97/","2026-09-28T00:00:00Z"
"lead-efff1dc1ae","デイリーカラー 武庫之荘店","ヘアカラー専門店","unconfirmed","","not_applicable","uncertain","unknown","pending","","","","","","","false","contact_unverified","pending","pending","pending","","false","pending","","","",""
"orango-d6bf7e5c8e","メンズ脱毛サロン ORANGO（オランゴ）","メンズ脱毛サロン（理容室運営）","confirmed","https://orango.jp/","undetermined","","","","","","","","","","false","contact_unverified","pending","pending","pending","","false","access_limited","","","",""
"nails-eyes-lax-18bb49cb00","NAILS & EYES LAX 尼崎立花店","ネイル・眉（男性は+500円で対応）","confirmed","https://www.nails-and-eyes-lax.com/","undetermined","","","","","","","","","","true","text_ready","ready","ready","reviewed","3","false","completed","instagram_dm","https://www.instagram.com/nails_eyes_lax_amagasaki/","https://www.instagram.com/nails_eyes_lax_amagasaki/","2026-09-28T00:00:00Z"
"oneself-34bea1b6ad","セルフ脱毛サロン ONESELF 尼崎阪急塚口店","セルフ脱毛サロン（メンズ利用可）","confirmed","https://salon-oneself.com/shopinfo/amagasakihankyutsukaguchi/","undetermined","","","","","","","","","","true","text_ready","missing","missing","blocked_personalization","","false","completed","instagram_dm","https://www.instagram.com/salon_oneself/","https://salon-oneself.com/shopinfo/amagasakihankyutsukaguchi/","2026-09-28T00:00:00Z"
"lost-5ac518d3c5","メンズ脱毛サロン LOST 塚口店","メンズ脱毛・メンズエステ","confirmed","https://lost-hair.jp/salon_tsukaguchi","undetermined","","","","","","","","","","true","text_ready","ready","ready","reviewed","3","false","completed","official_line","https://lin.ee/gO2QDa7","https://lost-hair.jp/salon_tsukaguchi","2026-09-28T00:00:00Z"
"ketolina-3b796b490d","脱毛サロン ケトリーナ（ketolina）","メンズ脱毛特化サロン","confirmed","https://ketolina.jp/","undetermined","","","","","","","","","","true","text_ready","ready","ready","reviewed","3","false","completed","instagram_dm","https://www.instagram.com/amagasaki.datsumou.ketolina","https://ketolina.jp/","2026-09-28T00:00:00Z"
"hood-barber-central-5ce987bc72","HOOD BARBER CENTRAL（フッドバーバーセントラル）","理容室・バーバー","unconfirmed","","not_applicable","uncertain","unknown","pending","","","","","","","false","contact_unverified","pending","pending","pending","","false","access_limited","","","",""
"coco-hairdesign-d148a19414","COCO HAIRDESIGN（ココヘアーデザイン）","理容室・美容室（縮毛矯正対応）","confirmed","https://cocohairdesign.com","undetermined","","","","","","","","","","false","contact_unverified","pending","pending","pending","","false","access_limited","","","",""
"cut-beauty-moon-e66ed84d48","Cut&Beauty MOON（カットアンドビューティ ムーン）","理容室（ヘッドスパ・シェービング）","unconfirmed","","not_applicable","uncertain","unknown","pending","","","","","","","false","contact_unverified","pending","pending","pending","","false","pending","","","",""
"cut-house-river-4554aa4697","CUT HOUSE River（カットハウスリバー）","理容室・カットサロン","confirmed","https://www.cuthouseriver.com/","undetermined","","","","","","","","","","true","text_ready","missing","missing","blocked_personalization","","false","completed","instagram_dm","https://www.instagram.com/cuthouseriver/","https://cuthouse-river.com/","2026-09-28T00:00:00Z"
"hair-stage-figaro-b23b7a07cf","HAIR STAGE FIGARO（ヘアーステージ フィガロ）","理容室（メンズ眉対応）","confirmed","https://www.takabe.ne.jp/figaro/salon03/","undetermined","uncertain","unknown","pending","","","","","","","true","text_ready","ready","ready","generated","3","false","completed","instagram_dm","https://www.instagram.com/figaro_amagasaki/","https://www.takabe.ne.jp/figaro/salon03/","2026-09-28T00:00:00Z"
"barber-r-290adfbfa8","BARBER r（バーバーアール）","理容室・バーバー","unconfirmed","","not_applicable","uncertain","unknown","pending","","","","","","","true","text_ready","missing","missing","blocked_personalization","","false","completed","instagram_dm","https://www.instagram.com/barber___r/","https://www.instagram.com/barber___r/","2026-09-28T00:00:00Z"
"barber-relaxation-black-cc98889026","barber & relaxation BLACK（ブラック）","メンズ専門バーバー（1席）","confirmed","https://sxnoxmzh.gensparkspace.com/","undetermined","uncertain","unknown","pending","","","","","","","true","text_ready","missing","missing","blocked_personalization","","false","completed","instagram_dm","https://www.instagram.com/barber_black415/","https://sxnoxmzh.gensparkspace.com/","2026-09-28T00:00:00Z"
"clap-by-tetote-20776a6570","Clap by Tetote（クラップ バイ テトテ）","メンズサロン・理容","unconfirmed","","not_applicable","uncertain","unknown","pending","","","","","","","true","text_ready","ready","ready","reviewed","3","false","completed","instagram_dm","https://www.instagram.com/clap_by_tetote/","https://www.instagram.com/clap_by_tetote/","2026-09-28T00:00:00Z"
"barber-krei-e079306b23","barber KREI（クレイ）","理容室・バーバー","unconfirmed","","not_applicable","uncertain","unknown","pending","","","","","","","true","text_ready","missing","missing","blocked_personalization","","false","completed","instagram_dm","https://www.instagram.com/barberkrei/","https://www.instagram.com/barberkrei/","2026-09-28T00:00:00Z"
"lead-bdd0488494","尼崎大衆理容","理容室","unconfirmed","","not_applicable","uncertain","unknown","pending","","","","","","","false","phone_only","pending","pending","pending","","false","completed","","","",""
"lead-36a86a97c5","おしゃれサロン とこりん","理容室","unconfirmed","","not_applicable","uncertain","unknown","pending","","","","","","","false","contact_not_found","pending","pending","pending","","false","completed","","","",""
"lead-5cb38bc8df","カットスタジオ ロン","理容室","unconfirmed","","not_applicable","uncertain","unknown","pending","","","","","","","false","contact_not_found","pending","pending","pending","","false","completed","","","",""
"lead-d631057488","スワン","理容室","unconfirmed","","not_applicable","uncertain","unknown","pending","","","","","","","false","contact_not_found","pending","pending","pending","","false","completed","","","",""
"lead-5a1d906a4e","ゼニス","理容室","unconfirmed","","not_applicable","uncertain","unknown","pending","","","","","","","false","phone_only","pending","pending","pending","","false","completed","","","",""
"lead-6ab908d824","ジュン理容","理容室","unconfirmed","","not_applicable","uncertain","unknown","pending","","","","","","","false","contact_not_found","pending","pending","pending","","false","completed","","","",""
"lead-17047f3896","理容タケシ","理容室","unconfirmed","","not_applicable","uncertain","unknown","pending","","","","","","","false","contact_not_found","pending","pending","pending","","false","completed","","","",""
"lead-231f99d474","タマエ館","理容室","unconfirmed","","not_applicable","uncertain","unknown","pending","","","","","","","false","contact_not_found","pending","pending","pending","","false","completed","","","",""
"pi-su-d369dd3815","ヘアーサロンPI-SU","理容室","unconfirmed","","not_applicable","uncertain","unknown","pending","","","","","","","false","phone_only","pending","pending","pending","","false","completed","","","",""
"lead-0aa756c050","スリーエー","美容室","unconfirmed","","not_applicable","uncertain","unknown","pending","","","","","","","false","contact_not_found","pending","pending","pending","","false","completed","","","",""
"lead-5e9d17fe4f","シノミヤ","理容室","unconfirmed","","not_applicable","uncertain","unknown","pending","","","","","","","false","phone_only","pending","pending","pending","","false","completed","","","",""
"lead-b5572d99ba","ヘアーサロンすみれ","理容室","unconfirmed","","not_applicable","uncertain","unknown","pending","","","","","","","false","contact_unverified","pending","pending","pending","","false","access_limited","","","",""
"lead-b7db3b71e5","ナカミズ","理容室","unconfirmed","","not_applicable","uncertain","unknown","pending","","","","","","","false","phone_only","pending","pending","pending","","false","completed","","","",""
"lead-fa986cd329","理容シャトレ立花店","理容室","confirmed","https://shatore.net/shatore/","undetermined","uncertain","unknown","pending","","","","","","","false","phone_only","pending","pending","pending","","false","completed","","","",""
"lead-4d03e4468d","理容プラージュ南塚口店","理容室","confirmed","https://www.plage-bb.co.jp/search/riyou.php?c=store_view&pk=289","undetermined","uncertain","unknown","pending","","","","","","","false","contact_unverified","pending","pending","pending","","false","in_progress","","","",""
"gusk-670b692055","GUSK","理容室","confirmed","http://gusk-hair.com/","undetermined","uncertain","unknown","pending","","","","","","","true","text_ready","ready","ready","reviewed","3","false","completed","email","gusk_hair@ybb.ne.jp","http://gusk-hair.com/about/","2026-09-28T00:00:00Z"
"lead-e54ea0f8a5","ヘアーサロンプリンス","理容室","unconfirmed","","not_applicable","uncertain","unknown","pending","","","","","","","false","contact_unverified","pending","pending","pending","","false","in_progress","","","",""
"lead-eef963c6ab","ヘアーサロン金太朗","理容室","unconfirmed","","not_applicable","uncertain","unknown","pending","","","","","","","false","contact_unverified","pending","pending","pending","","false","in_progress","","","",""
"lead-86a5f5ad9e","ヒロ大谷","理容室","unconfirmed","","not_applicable","uncertain","unknown","pending","","","","","","","false","contact_unverified","pending","pending","pending","","false","in_progress","","","",""
"mu-helios-c72e9cfec8","mu-helios（ミューヘリオス）","美容室（プライベートサロン・ヘッドスパ）","unconfirmed","","not_applicable","uncertain","unknown","pending","","","","","","","false","contact_unverified","pending","pending","pending","","false","in_progress","","","",""
"hair-design-bios-cd0272a4ab","hair design bios（ヘアーデザインビオス）","美容室（プライベートサロン）","confirmed","https://hair-bios.jp/","undetermined","","","","","","","","","","true","text_ready","ready","ready","reviewed","3","false","completed","official_line","https://lin.ee/shy64Kc","https://hair-bios.jp/","2026-09-28T00:00:00Z"
"soin-de-brace-elne-942c9b5ecb","soin de brace elne 立花店","美容室（髪質改善・半個室）","confirmed","https://soin-de-brace-elne-tachibana.com/","undetermined","","","","","","","","","","true","text_ready","missing","missing","blocked_personalization","","false","completed","instagram_dm","https://www.instagram.com/brace.tachibana/","https://www.instagram.com/brace.tachibana/","2026-09-28T00:00:00Z"
"rico-k-bf9b14f013","ネイル&エステサロン RICO・K","ネイル・エステ","confirmed","http://www.ricok.com/","undetermined","","","","","","","","","","false","contact_unverified","pending","pending","pending","","false","access_limited","","","",""
"nailsjac-207e868aa2","プライベートネイルサロン NAILSJAC","ネイル（女性専用・完全予約制プライベートサロン）","confirmed","https://nailsjac.com/","undetermined","","","","","","","","","","true","text_ready","ready","ready","reviewed","3","false","completed","official_line","https://line.me/ti/p/%40jiz6023x","https://nailsjac.com/","2026-09-28T00:00:00Z"
"sachimasu-2f0737a25b","プライベートエステサロン sachimasu（サチマス）","エステ・整体（女性専用・完全個室）","confirmed","https://sachimasu.jp/","undetermined","","","","","","","","","","true","text_ready","ready","ready","reviewed","3","false","completed","official_line","https://lin.ee/WgYT7wi","https://sachimasu.jp/","2026-09-28T00:00:00Z"
"nailsalon-calme-s-39d1fa98e8","nailsalon calme's","ネイル（プライベートサロン）","unconfirmed","","not_applicable","uncertain","unknown","pending","","","","","","","true","text_ready","missing","missing","blocked_personalization","","false","completed","instagram_dm","https://www.instagram.com/calm_nail_amagasaki/","https://www.instagram.com/calm_nail_amagasaki/","2026-09-29T00:00:00Z"
"i-ne-nail-eyelash-8c0acd5f76","i:Ne nail&eyelash（アイネ）","ネイル・まつげ（全室個室）","unconfirmed","","not_applicable","uncertain","unknown","pending","","","","","","","true","text_ready","ready","ready","reviewed","3","false","completed","instagram_dm","https://www.instagram.com/_eyelashnail/","https://www.instagram.com/_eyelashnail/","2026-09-29T00:00:00Z"
"kara-kuri-bisho-efe387958b","Kara-Kuri Bisho（カラクリビショウ）","美容室（髪質改善・縮毛矯正）","confirmed","https://karakuribisho.com/","undetermined","uncertain","unknown","pending","","","","","","","false","contact_unverified","pending","pending","pending","","false","pending","","","",""
"lead-7e8c23634f","みつばちの美容室","美容室（ヘナ・オーガニック）","confirmed","https://mitubatinobiyousitu.on.omisenomikata.jp/","undetermined","","","","","","","","","","true","text_ready","ready","ready","reviewed","3","false","completed","instagram_dm","https://www.instagram.com/mitubati_hair/","https://www.instagram.com/mitubati_hair/","2026-09-28T00:00:00Z"
"lead-8799419060","オサム美容室","美容室","unconfirmed","","not_applicable","uncertain","unknown","pending","","","","","","","false","contact_unverified","pending","pending","pending","","false","in_progress","","","",""
"lead-1204b5e03a","くろしお美容室","美容室（女性スタッフ1人・1席のマンツーマンサロン）","unconfirmed","","not_applicable","uncertain","unknown","pending","","","","","","","true","text_ready","ready","ready","reviewed","3","false","completed","instagram_dm","https://www.instagram.com/kuroshiobiyoushitsu/","https://www.instagram.com/kuroshiobiyoushitsu/","2026-09-29T00:00:00Z"
"lead-12a4ae3297","佳嘉家 美容室","美容室（ヴィーガン・オーガニック認証薬剤）","unconfirmed","","not_applicable","uncertain","unknown","pending","","","","","","","false","contact_unverified","pending","pending","pending","","false","in_progress","","","",""
"rean-d1f5fe585b","ReAN（リアン）","美容室（個室2席・キッズスペース）","unconfirmed","","not_applicable","uncertain","unknown","pending","","","","","","","false","contact_unverified","pending","pending","pending","","false","in_progress","","","",""
"im-bamboo-e31b593c9c","im.bamboo（インバンブー）","美容室・ネイル・まつげ・着付け（2席の小規模サロン）","confirmed","https://www.imbamboo-hn.com/","undetermined","","","","","","","","","","true","text_ready","missing","missing","blocked_personalization","","false","completed","official_line","https://line.me/ti/p/%40xbg3178c","https://www.imbamboo-hn.com/","2026-09-28T00:00:00Z"
"lead-a6001435ca","きものサロンティファニー","着付け・振袖レンタル・ヘアセット（自宅サロン形式）","unconfirmed","","not_applicable","uncertain","unknown","pending","","","","","","","false","contact_unverified","pending","pending","pending","","false","in_progress","","","",""
"ale-hair-design-ale-b9b8700d15","ale（エール）hair design ale","美容室（2席・着付け対応）","confirmed","https://hair-design-ale.com/","undetermined","uncertain","unknown","pending","","","","","","","true","text_ready","ready","ready","reviewed","3","false","completed","contact_form","https://hair-design-ale.com/contact/","https://hair-design-ale.com/","2026-09-29T00:00:00Z"
"comu-brow-eyelash-dcdf336531","comu（コム）brow&eyelash","まつげ・アイブロウ（完全プライベート・マンツーマン）","unconfirmed","","not_applicable","uncertain","unknown","pending","","","","","","","false","contact_unverified","pending","pending","pending","","false","in_progress","","","",""
"colon-nail-5a39fce4f9","Colon Nail（コロンネイル）尼崎","ネイル（個室完備）","unconfirmed","","not_applicable","uncertain","unknown","pending","","","","","","","false","contact_unverified","pending","pending","pending","","false","in_progress","","","",""
"denpasar-eyelash-nail-9dcf402233","DENPASAR eyelash＆NAIL 尼崎立花店","まつげ・ネイル（個室あり）","unconfirmed","","not_applicable","uncertain","unknown","pending","","","","","","","false","contact_unverified","pending","pending","pending","","false","in_progress","","","",""
"beauty-salon-m-c-bell-45b222dfa3","beauty salon m.c bell（エムシーベル）","ネイル・まつげ・エステ・メイク","unconfirmed","","not_applicable","uncertain","unknown","pending","","","","","","","false","contact_unverified","pending","pending","pending","","false","in_progress","","","",""
"ruhe-eyelash-salon-1d8d8e3258","Ruhe eyelash salon（ルーエ）","まつげ（1席のプライベートサロン）","unconfirmed","","not_applicable","uncertain","unknown","pending","","","","","","","false","contact_unverified","pending","pending","pending","","false","in_progress","","","",""
"nail-salon-mw-25d80eb7aa","nail salon mw（ムウ）","ネイル（完全個室）","unconfirmed","","not_applicable","uncertain","unknown","pending","","","","","","","false","contact_unverified","pending","pending","pending","","false","in_progress","","","",""
"lapiseyelash-7f71dd8aba","LapisEyelash（ラピスアイラッシュ）","まつげ（マツエク・まつげパーマのプライベートサロン）","confirmed","https://lapiseyelash.studio.site/","undetermined","","","","","","","","","","true","text_ready","missing","missing","blocked_personalization","","false","completed","email","lapis.eyelash@gmail.com","https://lapisk.amebaownd.com/pages/3892327/STATIC","2026-09-28T00:00:00Z"
"lead-43e346de76","キモノリボーン（マンツーマン着付け教室）","着付け教室・出張着付け","confirmed","https://reborn-kimono.com/","undetermined","","","","","","","","","","true","text_ready","ready","ready","reviewed","3","false","completed","instagram_dm","https://www.instagram.com/kimono.reborn/","https://reborn-kimono.com/","2026-09-28T00:00:00Z"
"lead-4ee60448f0","青木美容店","美容室（完全個室・1席）","unconfirmed","","not_applicable","uncertain","unknown","pending","","","","","","","true","text_ready","ready","ready","reviewed","3","false","completed","instagram_dm","https://www.instagram.com/aokibiyouten/","https://www.instagram.com/aokibiyouten/","2026-09-29T00:00:00Z"
"village-f-4e1993e3d9","village-f","美容室（完全マンツーマンのプライベートサロン）","unconfirmed","","not_applicable","uncertain","unknown","pending","","","","","","","false","contact_unverified","pending","pending","pending","","false","access_limited","","","",""
"canna-a57aeec404","canna（カンナ）","美容室（2席・ダメージケア特化）","unconfirmed","","not_applicable","uncertain","unknown","pending","","","","","","","false","contact_unverified","pending","pending","pending","","false","access_limited","","","",""
"liberta-544b81ba65","Liberta塚口","美容室（マンツーマン・髪質改善）","unconfirmed","","not_applicable","uncertain","unknown","pending","","","","","","","false","contact_unverified","pending","pending","pending","","false","access_limited","","","",""
"iren-08fb3ac424","IREN.（イレン）","美容室（個室系・子連れ歓迎）","unconfirmed","","not_applicable","uncertain","unknown","pending","","","","","","","false","contact_unverified","pending","pending","pending","","false","in_progress","","","",""
"olivia-hair-e9f6f0d88a","OLIVIA HAIR","美容室（個室系）","unconfirmed","","not_applicable","uncertain","unknown","pending","","","","","","","false","contact_unverified","pending","pending","pending","","false","in_progress","","","",""
"jennifer-d036b53a8b","Jennifer（ジェニファー）","美容室（個室系）","unconfirmed","","not_applicable","uncertain","unknown","pending","","","","","","","false","contact_unverified","pending","pending","pending","","false","in_progress","","","",""
"salon-mist-af6f6b595b","髪質改善SALON MIST+","美容室（半個室×マンツーマン）","unconfirmed","","not_applicable","uncertain","unknown","pending","","","","","","","false","contact_unverified","pending","pending","pending","","false","access_limited","","","",""
"hair-stage-ra-plume-97864b5674","HAIR STAGE Ra Plume","美容室（個室系）","unconfirmed","","not_applicable","uncertain","unknown","pending","","","","","","","false","contact_unverified","pending","pending","pending","","false","access_limited","","","",""
"benova-34644fb608","benova（ヴィノバ）","美容室（3席、個室系）","unconfirmed","","not_applicable","uncertain","unknown","pending","","","","","","","true","text_ready","missing","missing","blocked_personalization","","false","completed","instagram_dm","https://www.instagram.com/benova_hair/","https://www.instagram.com/benova_hair/","2026-09-29T00:00:00Z"
"hair-house-c77e669639","hair house ヴィサージュ","美容室","unconfirmed","","not_applicable","uncertain","unknown","pending","","","","","","","false","contact_unverified","pending","pending","pending","","false","access_limited","","","",""
"sunny-ranch-b1764fbdf8","Sunny Ranch（サニーランチ）","美容室（女性専用・予約制）","unconfirmed","","not_applicable","uncertain","unknown","pending","","","","","","","false","contact_unverified","pending","pending","pending","","false","access_limited","","","",""
"hare-ma-7de7d44af6","HARE/MA（ハレマ）","美容室（個室系）","unconfirmed","","not_applicable","uncertain","unknown","pending","","","","","","","true","text_ready","missing","missing","blocked_personalization","","false","completed","instagram_dm","https://www.instagram.com/harema2024/","https://amagasaki-ch.com/open-close/hare-ma/","2026-09-29T00:00:00Z"
"petal-a0bf66df52","PETAL（ペタル）","美容室（個室系・大人世代向け）","confirmed","https://luau.jp.net/shop/p_amagasaki/","undetermined","uncertain","unknown","pending","","","","","","","true","text_ready","missing","missing","blocked_personalization","","false","completed","instagram_dm","https://www.instagram.com/petal1839/","https://luau.jp.net/shop/p_amagasaki/","2026-09-29T00:00:00Z"
"lead-b8d6c34a19","ヘアーワークサトウ","美容室","unconfirmed","","not_applicable","uncertain","unknown","pending","","","","","","","false","contact_unverified","pending","pending","pending","","false","access_limited","","","",""
"lead-6df6d6c7c7","ヘアースタジオブレス立花店","美容室","unconfirmed","","not_applicable","uncertain","unknown","pending","","","","","","","false","contact_unverified","pending","pending","pending","","false","access_limited","","","",""
"lead-d825565f51","ブロンサービス株式会社 本店","美容室","unconfirmed","","not_applicable","uncertain","unknown","pending","","","","","","","false","contact_unverified","pending","pending","pending","","false","access_limited","","","",""
"5-765ccf5655","ビューティー5サロン立花店","美容室","unconfirmed","","not_applicable","uncertain","unknown","pending","","","","","","","false","contact_unverified","pending","pending","pending","","false","access_limited","","","",""
"lead-2363ef0e65","オ・フレーズ","美容室","unconfirmed","","not_applicable","uncertain","unknown","pending","","","","","","","false","contact_unverified","pending","pending","pending","","false","access_limited","","","",""
"lead-2e0d22ad91","森美容室","美容室","unconfirmed","","not_applicable","uncertain","unknown","pending","","","","","","","false","contact_unverified","pending","pending","pending","","false","access_limited","","","",""
"lead-51f8258be2","ヘアーサロン・メトロ","美容室","unconfirmed","","not_applicable","uncertain","unknown","pending","","","","","","","false","contact_unverified","pending","pending","pending","","false","access_limited","","","",""
"sola-9ca99ba6ee","ソラ（SOLA）","美容室","unconfirmed","","not_applicable","uncertain","unknown","pending","","","","","","","false","contact_unverified","pending","pending","pending","","false","pending","","","",""
"hair-091d6f230a","Hair-花時計","美容室","unconfirmed","","not_applicable","uncertain","unknown","pending","","","","","","","false","contact_unverified","pending","pending","pending","","false","pending","","","",""
"lead-46615bd63d","ユキ美容室","美容室（貸衣装兼業の記載あり）","unconfirmed","","not_applicable","uncertain","unknown","pending","","","","","","","false","contact_unverified","pending","pending","pending","","false","pending","","","",""
"lead-133a9c8801","マロン美容室 三和店","美容室","confirmed","http://www.marronbeauty.com/sanwa.html","undetermined","uncertain","unknown","pending","","","","","","","false","contact_unverified","pending","pending","pending","","false","access_limited","","","",""
"hair-facial-ron-40d6cf4047","Hair&Facial-RON","美容室（ヘア・フェイシャル）","unconfirmed","","not_applicable","uncertain","unknown","pending","","","","","","","false","contact_unverified","pending","pending","pending","","false","pending","","","",""
"lead-4cfbe6fe9d","美容室エントランス","美容室","unconfirmed","","not_applicable","uncertain","unknown","pending","","","","","","","false","contact_unverified","pending","pending","pending","","false","pending","","","",""
"lead-fc70a824ae","山口美容室","美容室","unconfirmed","","not_applicable","uncertain","unknown","pending","","","","","","","false","contact_unverified","pending","pending","pending","","false","pending","","","",""
"lead-7210fcebb6","美容室ステラ","美容室","unconfirmed","","not_applicable","uncertain","unknown","pending","","","","","","","false","contact_unverified","pending","pending","pending","","false","pending","","","",""
"lead-52ab6239c9","レイ美容室","美容室","unconfirmed","","not_applicable","uncertain","unknown","pending","","","","","","","false","contact_unverified","pending","pending","pending","","false","pending","","","",""
"lead-52f355efee","メトロ理容所","理容室","unconfirmed","","not_applicable","uncertain","unknown","pending","","","","","","","false","contact_unverified","pending","pending","pending","","false","pending","","","",""
"lead-19fab2d75b","しゃぼん","美容室","unconfirmed","","not_applicable","uncertain","unknown","pending","","","","","","","false","contact_unverified","pending","pending","pending","","false","pending","","","",""
"lead-a58e0887fe","ますみ美容室","美容室","unconfirmed","","not_applicable","uncertain","unknown","pending","","","","","","","false","contact_unverified","pending","pending","pending","","false","pending","","","",""
"lead-2f6f7127b7","ヘアーサロンナガタ","美容室","unconfirmed","","not_applicable","uncertain","unknown","pending","","","","","","","false","contact_unverified","pending","pending","pending","","false","pending","","","",""
"lead-d6e10e7bda","ノーヴァ","美容室","unconfirmed","","not_applicable","uncertain","unknown","pending","","","","","","","false","contact_unverified","pending","pending","pending","","false","pending","","","",""
"lead-fc4867def3","ビューティーサロンさくら","美容室","unconfirmed","","not_applicable","uncertain","unknown","pending","","","","","","","false","contact_unverified","pending","pending","pending","","false","pending","","","",""
"lead-e2afe09eed","ヘアメイクスカイ","美容室","unconfirmed","","not_applicable","uncertain","unknown","pending","","","","","","","false","contact_unverified","pending","pending","pending","","false","pending","","","",""
"lead-0397c1b6b8","浜﨑カットハウス","理容・美容（カットハウス）","unconfirmed","","not_applicable","uncertain","unknown","pending","","","","","","","false","contact_unverified","pending","pending","pending","","false","pending","","","",""
"lead-de40f00596","カットサロンたくみ","理容・美容（カットサロン）","unconfirmed","","not_applicable","uncertain","unknown","pending","","","","","","","false","contact_unverified","pending","pending","pending","","false","pending","","","",""
"playtime-f86154df42","PlayTime（ぷれいたいむ）","美容室","confirmed","https://playtime.shopinfo.jp/","undetermined","uncertain","unknown","pending","","","","","","","false","contact_unverified","pending","pending","pending","","false","in_progress","","","",""
"lead-dadb17d6ad","バランス美容室","美容室","unconfirmed","","not_applicable","uncertain","unknown","pending","","","","","","","false","contact_unverified","pending","pending","pending","","false","pending","","","",""
"chokipeta-ba6eefde6e","ChokiPeta 尼崎店","美容室（カット専門）","confirmed","https://www.chokipeta.com/shops/amagasaki/","undetermined","uncertain","unknown","pending","","","","","","","false","contact_unverified","pending","pending","pending","","false","in_progress","","","",""
"lead-8c7afc71ac","レジュイール・デ・ブラ","美容室・理容室","unconfirmed","","not_applicable","uncertain","unknown","pending","","","","","","","false","contact_unverified","pending","pending","pending","","false","pending","","","",""
"8-23197d087f","サロン・ド・8","美容室","unconfirmed","","not_applicable","uncertain","unknown","pending","","","","","","","false","contact_unverified","pending","pending","pending","","false","pending","","","",""
"lead-33397925f9","ふたば美容院","美容室","unconfirmed","","not_applicable","uncertain","unknown","pending","","","","","","","false","contact_unverified","pending","pending","pending","","false","pending","","","",""
"lead-153932ceb5","ツタヤ美容院","美容室","unconfirmed","","not_applicable","uncertain","unknown","pending","","","","","","","false","contact_unverified","pending","pending","pending","","false","pending","","","",""
"lead-4c18d6d815","エンゼル","美容室","unconfirmed","","not_applicable","uncertain","unknown","pending","","","","","","","false","contact_unverified","pending","pending","pending","","false","pending","","","",""
"marilyn-fc6adff295","プライベートサロンMARILYN","ネイルサロン","unconfirmed","","not_applicable","uncertain","unknown","pending","","","","","","","false","contact_unverified","pending","pending","pending","","false","pending","","","",""
"co-ce2b1fab73","&Co（アンドコー）","美容室（髪質改善・ヘッドスパ）","confirmed","https://andco-hair.com/","undetermined","","","","","","","","","","true","text_ready","ready","ready","reviewed","3","false","completed","instagram_dm","https://www.instagram.com/daiki100sato/","https://www.instagram.com/daiki100sato/","2026-09-28T00:00:00Z"
"aim-1f03092b59","AIM（アイム）","美容室（髪質改善・カラー）","unconfirmed","","not_applicable","uncertain","unknown","pending","","","","","","","false","contact_unverified","pending","pending","pending","","false","pending","","","",""
"penny-26277d2a97","PENNY（ペニー）","美容室（ボブ・ショート・髪質改善）","unconfirmed","","not_applicable","uncertain","unknown","pending","","","","","","","false","contact_unverified","pending","pending","pending","","false","access_limited","","","",""
"bloom-hair-design-1d42e09f5d","bloom hair design（ブルームヘアデザイン）","美容室（ヘッドスパ）","confirmed","http://bloom-hair-design.jp/","undetermined","","","","","","","","","","true","text_ready","missing","missing","pending","","false","completed","contact_form","https://bloom-hair-design.jp/contact","https://bloom-hair-design.jp/contact","2026-09-28T00:00:00Z"
"bloom-hair-design-due-e3315105cf","bloom hair design due","美容室","confirmed","https://bloom-hair-design.jp/","undetermined","uncertain","unknown","pending","","","","","","","true","text_ready","missing","missing","blocked_personalization","","false","completed","contact_form","https://bloom-hair-design.jp/contact","https://bloom-hair-design.jp/contact","2026-09-29T00:00:00Z"
"art-igiano-a1298cc2c8","ART-IGIANO（アルティジャーノ）","美容室","unconfirmed","","not_applicable","uncertain","unknown","pending","","","","","","","false","contact_unverified","pending","pending","pending","","false","pending","","","",""
"moga-6c9b10a9df","美容室モガ（MOGA）","美容室（ヘナ）","unconfirmed","","not_applicable","uncertain","unknown","pending","","","","","","","false","contact_unverified","pending","pending","pending","","false","pending","","","",""
"r-hair-make-c59df516db","r hair make（アールヘアーメイク）","美容室（尼崎中央商店街）","unconfirmed","","not_applicable","uncertain","unknown","pending","","","","","","","false","contact_unverified","pending","pending","pending","","false","access_limited","","","",""
"win-2f3f009ce8","美容室 Win","美容室（エクステ・カラー）","unconfirmed","","not_applicable","uncertain","unknown","pending","","","","","","","false","contact_unverified","pending","pending","pending","","false","access_limited","","","",""
"re-mix-507cdde8da","RE・MIX","美容室","unconfirmed","","not_applicable","uncertain","unknown","pending","","","","","","","false","contact_unverified","pending","pending","pending","","false","pending","","","",""
"flare-f8b2d0d4af","flare ―心―（フレア コル）","美容室（髪質改善・ヘッドスパ）","confirmed","https://www.flare-cor.com/","undetermined","","","","","","","","","","true","text_ready","missing","missing","blocked_personalization","","false","completed","instagram_dm","https://www.instagram.com/flarecor_mukonosou/","https://www.instagram.com/flarecor_mukonosou/","2026-09-28T00:00:00Z"
"salon-de-beaute-e-lite-2148266755","salon de beauté Élite（サロンドボーテ エリート）","美容室","unconfirmed","","not_applicable","uncertain","unknown","pending","","","","","","","false","contact_unverified","pending","pending","pending","","false","pending","","","",""
"lococo-hair-44a39f20af","LOCOCO hair（ロココヘアー）","美容室","unconfirmed","","not_applicable","uncertain","unknown","pending","","","","","","","false","contact_unverified","pending","pending","pending","","false","pending","","","",""
"hair-relaxation-gekkou-f6f08a5936","HAIR RELAXATION GEKKOU 月光","美容室（ヘアリラクゼーション）","unconfirmed","","not_applicable","uncertain","unknown","pending","","","","","","","false","contact_unverified","pending","pending","pending","","false","access_limited","","","",""
"nohea-beauty-space-973e73b57d","Nohea Beauty Space 武庫之荘店","エステ・リラクゼーション（レンタルビューティースペース）","unconfirmed","","not_applicable","uncertain","unknown","pending","","","","","","","true","text_ready","ready","ready","reviewed","3","false","completed","official_line","https://lin.ee/n5c10nP","https://www.ekiten.jp/shop_20629146/","2026-09-29T00:00:00Z"
"fino-0b92f58b06","fino（フィーノ）","美容室","confirmed","https://fino-hair.com/","undetermined","","","","","","","","","","true","text_ready","missing","missing","blocked_personalization","","false","completed","instagram_dm","https://www.instagram.com/fino_hair","https://fino-hair.com/","2026-09-28T00:00:00Z"
"khaju-hair-61f537dd09","khaju hair（カージュ・ヘアー）","美容室","unconfirmed","","not_applicable","uncertain","unknown","pending","","","","","","","false","contact_unverified","pending","pending","pending","","false","in_progress","","","",""
"gizel-hair-df91e3fa16","GIZEL hair（ジゼルヘアー）","美容室","unconfirmed","","not_applicable","uncertain","unknown","pending","","","","","","","false","contact_unverified","pending","pending","pending","","false","pending","","","",""
"lead-109a0bca37","アニーフェイス","美容室・理髪（業種は要確認）","unconfirmed","","not_applicable","uncertain","unknown","pending","","","","","","","false","contact_unverified","pending","pending","pending","","false","pending","","","",""
"lead-e5eb8f20a6","美樹美容室","美容室","unconfirmed","","not_applicable","uncertain","unknown","pending","","","","","","","false","contact_unverified","pending","pending","pending","","false","pending","","","",""
"creer-8e7a720763","CREER（クレール）塚口店","美容室（ショート・ボブ）","confirmed","https://creer-hair.com/creer-tsukaguchi/","undetermined","","","","","","","","","","true","text_ready","ready","ready","reviewed","3","false","completed","instagram_dm","https://www.instagram.com/creer___tsukaguchi/","https://creer-hair.com/creer-tsukaguchi/","2026-09-28T00:00:00Z"
"hair-magic-y-c2d7d9595f","HAIR MAGIC Y","美容室","unconfirmed","","not_applicable","uncertain","unknown","pending","","","","","","","false","contact_unverified","pending","pending","pending","","false","pending","","","",""
"wall-hair-f227a5e8df","Wall hair（ウォールヘアー）","美容室（1人営業・完全予約制）","confirmed","https://wallhair201.com/","undetermined","","","","","","","","","","true","text_ready","ready","ready","reviewed","3","false","completed","instagram_dm","https://www.instagram.com/wall_hair201/","https://www.instagram.com/wall_hair201/","2026-09-28T00:00:00Z"
"lin-hair-doctor-salon-ca605ccd06","LIN hair doctor salon（リン ヘアドクターサロン）","美容室（オーガニックカラー・頭皮ケア）","confirmed","https://hair-lin.com/","undetermined","","","","","","","","","","true","text_ready","ready","ready","reviewed","3","false","completed","instagram_dm","https://www.instagram.com/lin_hair_7.4/","https://hair-lin.com/","2026-09-28T00:00:00Z"
"lead-45457dc4dd","ヘアークラブアミューズ","理容・美容（メンズヘア）","confirmed","http://amuse-club.com/","undetermined","","","","","","","","","","false","contact_unverified","pending","pending","pending","","false","access_limited","","","",""
"lead-dc4852b42d","グリタモード","美容室（貸衣裳も掲載）","unconfirmed","","not_applicable","uncertain","unknown","pending","","","","","","","false","contact_unverified","pending","pending","pending","","false","pending","","","",""
"lead-fcbb25430c","ヘアーサロン木下","理容・美容（介護資格スタッフあり）","unconfirmed","","not_applicable","uncertain","unknown","pending","","","","","","","false","contact_unverified","pending","pending","pending","","false","pending","","","",""
"cuthouse-hirota-3c95d3c266","カットハウスヒロタ（CUTHOUSE HIROTA）","理容室（メンズ）","confirmed","https://cuthousehirota.jimdofree.com/","undetermined","","","","","","","","","","true","text_ready","ready","ready","reviewed","3","false","completed","instagram_dm","https://www.instagram.com/cuthouse.hirota/","https://cuthousehirota.jimdofree.com/","2026-09-28T00:00:00Z"
"ray-hair-spa-8d71d8acfc","ray ～hair&spa～（レイ）","美容室（完全プライベート・髪質改善）","confirmed","https://rayhairspa.com/","undetermined","","","","","","","","","","true","text_ready","missing","missing","blocked_personalization","","false","completed","official_line","https://lin.ee/OnlnGIT","https://rayhairspa.com/","2026-09-28T00:00:00Z"
"honey-b-lash-0feb549979","HONEY.B.LASH","まつげサロン","unconfirmed","","not_applicable","uncertain","unknown","pending","","","","","","","false","contact_unverified","pending","pending","pending","","false","pending","","","",""
"lead-c1608cebcb","ヘアーサロン優","理容室","unconfirmed","","not_applicable","uncertain","unknown","pending","","","","","","","false","contact_unverified","pending","pending","pending","","false","pending","","","",""
"tomotomo-0fb9103213","美容室TOMOTOMO","美容室","unconfirmed","","not_applicable","uncertain","unknown","pending","","","","","","","false","contact_unverified","pending","pending","pending","","false","pending","","","",""
"j-hair-0fdbb2d294","j-hair","美容室","unconfirmed","","not_applicable","uncertain","unknown","pending","","","","","","","false","contact_unverified","pending","pending","pending","","false","pending","","","",""
"lead-aca136c2ab","ホーダビューティーサロン","美容室","unconfirmed","","not_applicable","uncertain","unknown","pending","","","","","","","false","contact_unverified","pending","pending","pending","","false","pending","","","",""
"lead-a950bfb36d","ヘアーサロンムラタニ","理容室","unconfirmed","","not_applicable","uncertain","unknown","pending","","","","","","","false","contact_unverified","pending","pending","pending","","false","pending","","","",""
"katou-4c380f5cdc","ビューティーKATOU","美容室","unconfirmed","","not_applicable","uncertain","unknown","pending","","","","","","","false","contact_unverified","pending","pending","pending","","false","pending","","","",""
"hair-face-salon-pretty-a7ff13c350","Hair & Face Salon Pretty","美容室","confirmed","https://home.rasysa.com/hf-pretty/","undetermined","uncertain","unknown","pending","","","","","","","false","contact_unverified","pending","pending","pending","","false","pending","","","",""
"salon-de-okita-2acdba9899","Salon de Okita","美容室","unconfirmed","","not_applicable","uncertain","unknown","pending","","","","","","","false","contact_unverified","pending","pending","pending","","false","pending","","","",""
"sifters-26502d3d54","SIFTERS","美容室","confirmed","https://www.siftershair.com/","undetermined","uncertain","unknown","pending","","","","","","","true","text_ready","ready","ready","reviewed","3","false","completed","email","info@sifters-hair.com","https://www.siftershair.com/","2026-09-29T00:00:00Z"
"lead-4b93ff9714","理容倶楽部七松店","理容室","unconfirmed","","not_applicable","uncertain","unknown","pending","","","","","","","false","contact_unverified","pending","pending","pending","","false","pending","","","",""
"lead-9a2f6dc422","セーヌ美容室","美容室","unconfirmed","","not_applicable","uncertain","unknown","pending","","","","","","","false","contact_unverified","pending","pending","pending","","false","pending","","","",""
"lead-128f79c02e","株式会社マロン美容室 七松店","美容室","unconfirmed","","not_applicable","uncertain","unknown","pending","","","","","","","false","contact_unverified","pending","pending","pending","","false","in_progress","","","",""
"hair-s-a-i-da88e622f2","Hair's A.I","美容室","confirmed","https://hairs-ai.com/","undetermined","uncertain","unknown","pending","","","","","","","false","contact_unverified","pending","pending","pending","","false","pending","","","",""
"lead-1576e21c87","サニー美容室","美容室","unconfirmed","","not_applicable","uncertain","unknown","pending","","","","","","","false","contact_unverified","pending","pending","pending","","false","pending","","","",""
"lead-546346c495","理容オーミ","理容室","unconfirmed","","not_applicable","uncertain","unknown","pending","","","","","","","false","contact_unverified","pending","pending","pending","","false","pending","","","",""
"sinba-7e5983df71","株式会社SINBA","美容室","unconfirmed","","not_applicable","uncertain","unknown","pending","","","","","","","false","contact_unverified","pending","pending","pending","","false","access_limited","","","",""
"lead-9e4de7b22e","日仏美容室","美容室","unconfirmed","","not_applicable","uncertain","unknown","pending","","","","","","","false","contact_unverified","pending","pending","pending","","false","pending","","","",""
"hairdo-omi-30053257ed","ヘアードゥオオミ（HAIRDO-OMI）","美容室","confirmed","https://hairdo-omi.jimdofree.com/","undetermined","uncertain","unknown","pending","","","","","","","true","text_ready","missing","missing","blocked_personalization","","false","completed","instagram_dm","https://www.instagram.com/hairdo_omi/","https://search.yahoo.co.jp/search?p=ヘアードゥオオミ+尼崎","2026-09-29T00:00:00Z"
"salon-de-nobuko-e36061eb90","Salon・de・Nobuko","美容室","unconfirmed","","not_applicable","uncertain","unknown","pending","","","","","","","false","contact_unverified","pending","pending","pending","","false","pending","","","",""
"hair-make-harumi-4012273935","hair&make Harumi","美容室","confirmed","https://sunnyplace-hairope.com/kansai/hair-make-harumi/","undetermined","uncertain","unknown","pending","","","","","","","true","text_ready","missing","missing","not_generated","","false","completed","contact_form","https://sunnyplace-hairope.com/kansai/hair-make-harumi/","https://sunnyplace-hairope.com/kansai/hair-make-harumi/","2026-09-29T00:00:00Z"
"lead-05f12e7c6e","ムッシュカズオの店","美容室","unconfirmed","","not_applicable","uncertain","unknown","pending","","","","","","","false","contact_unverified","pending","pending","pending","","false","in_progress","","","",""
"lead-207481e837","エミ美容室","美容室","unconfirmed","","not_applicable","uncertain","unknown","pending","","","","","","","false","contact_unverified","pending","pending","pending","","false","in_progress","","","",""
"lead-d0bda39a72","ジョイ美容室","美容室","unconfirmed","","not_applicable","uncertain","unknown","pending","","","","","","","false","contact_unverified","pending","pending","pending","","false","in_progress","","","",""
"lead-63ba547cbb","ちゃど美容室","美容室","unconfirmed","","not_applicable","uncertain","unknown","pending","","","","","","","false","contact_unverified","pending","pending","pending","","false","in_progress","","","",""
"precious-42109860d8","プレシャス（precious）","美容室","confirmed","http://www.hair-design-precious.net","undetermined","uncertain","unknown","pending","","","","","","","false","contact_unverified","pending","pending","pending","","false","in_progress","","","",""
"lead-f1556c9c8c","サン","美容室","unconfirmed","","not_applicable","uncertain","unknown","pending","","","","","","","false","contact_unverified","pending","pending","pending","","false","in_progress","","","",""
"lead-6cceffb62b","ビューティーサロンなかま","美容室","unconfirmed","","not_applicable","uncertain","unknown","pending","","","","","","","false","contact_unverified","pending","pending","pending","","false","in_progress","","","",""
"lead-adb56061b2","美容室スイアン","美容室","unconfirmed","","not_applicable","uncertain","unknown","pending","","","","","","","false","contact_unverified","pending","pending","pending","","false","in_progress","","","",""
"lead-8a8a533826","エリート美容室","美容室","unconfirmed","","not_applicable","uncertain","unknown","pending","","","","","","","false","contact_unverified","pending","pending","pending","","false","in_progress","","","",""
"lead-b6a4c45067","カットサロンラ・モード","美容室","unconfirmed","","not_applicable","uncertain","unknown","pending","","","","","","","false","contact_unverified","pending","pending","pending","","false","in_progress","","","",""
"lead-aab3f95051","ら・ぺるら","美容室","unconfirmed","","not_applicable","uncertain","unknown","pending","","","","","","","false","contact_unverified","pending","pending","pending","","false","in_progress","","","",""
"kumi-bd09f16d5c","ヘアーモードKuMi","美容室","unconfirmed","","not_applicable","uncertain","unknown","pending","","","","","","","false","contact_unverified","pending","pending","pending","","false","in_progress","","","",""
"hair-s-beconnect-1081dba5b1","hair's beconnect","美容室","unconfirmed","","not_applicable","uncertain","unknown","pending","","","","","","","false","contact_unverified","pending","pending","pending","","false","in_progress","","","",""
"lead-8ad143e61b","ヘアーサロンウェーブ","理容室","unconfirmed","","not_applicable","uncertain","unknown","pending","","","","","","","false","contact_unverified","pending","pending","pending","","false","in_progress","","","",""
"tanaka-f3e8a3ccbf","ヘアーサロンTANAKA","理容室","unconfirmed","","not_applicable","uncertain","unknown","pending","","","","","","","false","contact_unverified","pending","pending","pending","","false","in_progress","","","",""
"lead-1c5c7525cf","ヘアーサロンイワシタ","理容室","unconfirmed","","not_applicable","uncertain","unknown","pending","","","","","","","false","contact_unverified","pending","pending","pending","","false","in_progress","","","",""
"lead-ae04a2e244","パパス 尼崎店","理容室","unconfirmed","","not_applicable","uncertain","unknown","pending","","","","","","","false","contact_unverified","pending","pending","pending","","false","in_progress","","","",""
"lead-2818fadc7f","ヘアーサロンマツモト","理容室","unconfirmed","","not_applicable","uncertain","unknown","pending","","","","","","","false","contact_unverified","pending","pending","pending","","false","in_progress","","","",""
"lead-40b54ae7dc","元町理容所","理容室","unconfirmed","","not_applicable","uncertain","unknown","pending","","","","","","","false","contact_unverified","pending","pending","pending","","false","in_progress","","","",""
"lead-d824bd7721","松田理容店","理容室","unconfirmed","","not_applicable","uncertain","unknown","pending","","","","","","","true","text_ready","missing","missing","pending","","false","completed","instagram_dm","https://www.instagram.com/hairsalon_matsuda/","https://www.instagram.com/hairsalon_matsuda/","2026-09-29T12:00:00Z"
"lead-879c8891f8","松下理容","理容室","unconfirmed","","not_applicable","uncertain","unknown","pending","","","","","","","false","contact_unverified","pending","pending","pending","","false","in_progress","","","",""
"lead-22adbfdbec","理容なんば","理容室","unconfirmed","","not_applicable","uncertain","unknown","pending","","","","","","","false","contact_unverified","pending","pending","pending","","false","in_progress","","","",""
"rei-6febdc6d5d","REI","理容室","unconfirmed","","not_applicable","uncertain","unknown","pending","","","","","","","false","contact_unverified","pending","pending","pending","","false","in_progress","","","",""
"lead-96360bc7bc","ミシロ","理容室","unconfirmed","","not_applicable","uncertain","unknown","pending","","","","","","","false","contact_unverified","pending","pending","pending","","false","in_progress","","","",""
"lead-5c185aa286","ヘアーサロンマチ","理容室","unconfirmed","","not_applicable","uncertain","unknown","pending","","","","","","","false","contact_unverified","pending","pending","pending","","false","in_progress","","","",""
"lead-afd88d25fb","理容マロ","理容室","unconfirmed","","not_applicable","uncertain","unknown","pending","","","","","","","false","contact_unverified","pending","pending","pending","","false","in_progress","","","",""
"jr-6cd134e3e2","パパスJR尼崎店","理容室","confirmed","https://www.papas-and-mamas.co.jp/shop/papa/papa-jr_amagasaki/","undetermined","uncertain","unknown","pending","","","","","","","true","text_ready","missing","missing","pending","","false","completed","contact_form","https://www.papas-and-mamas.co.jp/cgi-bin/contact/","https://www.papas-and-mamas.co.jp/cgi-bin/contact/","2026-09-29T12:00:00Z"
"lead-b4c7644062","ヘアーサロンミヤギ","理容室","unconfirmed","","not_applicable","uncertain","unknown","pending","","","","","","","false","contact_unverified","pending","pending","pending","","false","in_progress","","","",""
"lead-c8088aed5f","バンビ理容","理容室","unconfirmed","","not_applicable","uncertain","unknown","pending","","","","","","","false","contact_unverified","pending","pending","pending","","false","in_progress","","","",""
"lead-41c0235c3e","ワイズヨウコ","理容室","unconfirmed","","not_applicable","uncertain","unknown","pending","","","","","","","false","contact_unverified","pending","pending","pending","","false","in_progress","","","",""
"lead-7fda20f21d","ヘアーサロン若林","理容室","unconfirmed","","not_applicable","uncertain","unknown","pending","","","","","","","false","contact_unverified","pending","pending","pending","","false","in_progress","","","",""
"ufo-6d8f3cc10d","カットクラブUFO","カットサロン","confirmed","https://studio-ufo.jimdofree.com/","undetermined","uncertain","unknown","pending","","","","","","","false","contact_unverified","pending","pending","pending","","false","access_limited","","","",""
"lead-e2c320db31","尼崎理容","理容室","unconfirmed","","not_applicable","uncertain","unknown","pending","","","","","","","false","contact_unverified","pending","pending","pending","","false","in_progress","","","",""
"lead-975d76debf","ミューズ","理容室","unconfirmed","","not_applicable","uncertain","unknown","pending","","","","","","","false","contact_unverified","pending","pending","pending","","false","in_progress","","","",""
"pact-homie-barbershop-2cddd648bc","PACT HOMIE BARBERSHOP","理容室","unconfirmed","","not_applicable","uncertain","unknown","pending","","","","","","","true","text_ready","ready","ready","reviewed","3","false","completed","instagram_dm","https://www.instagram.com/pacthomiebarbershop/","https://www.instagram.com/pacthomiebarbershop/","2026-09-29T12:00:00Z"
"lead-fc705415db","ヒグチ理容店","理容室","unconfirmed","","not_applicable","uncertain","unknown","pending","","","","","","","false","contact_unverified","pending","pending","pending","","false","in_progress","","","",""
"lead-1c586935d4","ヘアースタジオイシノ","理容室","unconfirmed","","not_applicable","uncertain","unknown","pending","","","","","","","false","contact_unverified","pending","pending","pending","","false","in_progress","","","",""
"lead-2a0678b195","フジサキ","理容室","unconfirmed","","not_applicable","uncertain","unknown","pending","","","","","","","false","contact_unverified","pending","pending","pending","","false","in_progress","","","",""
"lead-53e7e28e55","エガシラ理容室","理容室","unconfirmed","","not_applicable","uncertain","unknown","pending","","","","","","","false","contact_unverified","pending","pending","pending","","false","in_progress","","","",""
"lead-61dfcff57e","キング理容","理容室","unconfirmed","","not_applicable","uncertain","unknown","pending","","","","","","","false","contact_unverified","pending","pending","pending","","false","in_progress","","","",""
"lead-bda2862bb0","染川","理容室","unconfirmed","","not_applicable","uncertain","unknown","pending","","","","","","","false","contact_unverified","pending","pending","pending","","false","in_progress","","","",""
"lead-88d81cd8ef","ヤマビコ理容所","理容室","unconfirmed","","not_applicable","uncertain","unknown","pending","","","","","","","false","contact_unverified","pending","pending","pending","","false","in_progress","","","",""
"lead-2e83ed91dc","理容ベスト","理容室","unconfirmed","","not_applicable","uncertain","unknown","pending","","","","","","","false","contact_unverified","pending","pending","pending","","false","in_progress","","","",""
"lead-be07bb6edf","理容アマガサキ","理容室","unconfirmed","","not_applicable","uncertain","unknown","pending","","","","","","","false","contact_unverified","pending","pending","pending","","false","in_progress","","","",""
"lead-c5a1c261c6","フク理容","理容室","unconfirmed","","not_applicable","uncertain","unknown","pending","","","","","","","false","contact_unverified","pending","pending","pending","","false","in_progress","","","",""
"lead-913f771371","おしゃれ床屋みね","理容室","unconfirmed","","not_applicable","uncertain","unknown","pending","","","","","","","false","contact_unverified","pending","pending","pending","","false","in_progress","","","",""
"lead-b7279b550f","理容大北","理容室","unconfirmed","","not_applicable","uncertain","unknown","pending","","","","","","","false","contact_unverified","pending","pending","pending","","false","in_progress","","","",""
"j2-8841740ea7","ジェイツー(J2)","理容室","unconfirmed","","not_applicable","uncertain","unknown","pending","","","","","","","false","contact_unverified","pending","pending","pending","","false","in_progress","","","",""
"lead-674de523a8","理容タハラ","理容室","unconfirmed","","not_applicable","uncertain","unknown","pending","","","","","","","false","contact_unverified","pending","pending","pending","","false","in_progress","","","",""
"lead-aaded0c703","野田理容室","理容室","unconfirmed","","not_applicable","uncertain","unknown","pending","","","","","","","false","contact_unverified","pending","pending","pending","","false","in_progress","","","",""
"lead-46df4e7b98","ビューティーフェイス&ビューティーアイラッシュ あまがさきキューズモール店","美容・アイラッシュ","confirmed","https://www.beauty-face.jp/salon/amagasaki/","undetermined","uncertain","unknown","pending","","","","","","","true","text_ready","missing","missing","blocked_personalization","","false","completed","contact_form","https://docs.google.com/forms/d/e/1FAIpQLScua-sIyA4BKR-HrCyo7GQXevB9b0lT7gp_lmnicYbY_Gf0Jw/viewform?usp=dialog","https://www.beauty-face.jp/salon/amagasaki/","2026-09-29T09:22:00Z"
"cutingate-5a07626263","カットインゲート(CUTINGATE)","理容室","unconfirmed","","not_applicable","uncertain","unknown","pending","","","","","","","false","contact_unverified","pending","pending","pending","","false","in_progress","","","",""
"v-206dfa3a9a","カットハウスV","理容室","unconfirmed","","not_applicable","uncertain","unknown","pending","","","","","","","false","contact_unverified","pending","pending","pending","","false","in_progress","","","",""
"lead-0f88d96edd","ウエダ理容","理容室","unconfirmed","","not_applicable","uncertain","unknown","pending","","","","","","","false","contact_unverified","pending","pending","pending","","false","in_progress","","","",""
"lead-a6b553aa45","ミッチー理容","理容室","unconfirmed","","not_applicable","uncertain","unknown","pending","","","","","","","false","contact_unverified","pending","pending","pending","","false","in_progress","","","",""
"lead-50f6066a2f","いなば理容所","理容室","unconfirmed","","not_applicable","uncertain","unknown","pending","","","","","","","false","contact_unverified","pending","pending","pending","","false","in_progress","","","",""
"lead-6a29a4db03","藤原理容店","理容室","unconfirmed","","not_applicable","uncertain","unknown","pending","","","","","","","false","contact_unverified","pending","pending","pending","","false","in_progress","","","",""
"lead-8549031999","ヘアーサロンなかはた","理容室","unconfirmed","","not_applicable","uncertain","unknown","pending","","","","","","","false","contact_unverified","pending","pending","pending","","false","in_progress","","","",""
"lead-98bfc86c47","チトセ理容","理容室","unconfirmed","","not_applicable","uncertain","unknown","pending","","","","","","","false","contact_unverified","pending","pending","pending","","false","in_progress","","","",""
"lead-7157a30986","カットルーム 南塚口店","カットサロン","unconfirmed","","not_applicable","uncertain","unknown","pending","","","","","","","false","contact_unverified","pending","pending","pending","","false","in_progress","","","",""
"qb-fa38ccd07b","QBハウス あまがさきキューズモール店","カット専門店","confirmed","https://www.qbhouse.co.jp/search/494","undetermined","","","","","","","","","","false","contact_not_found","pending","pending","pending","","false","completed","","","",""
"qb-b012724b0b","QBハウス アマスタ アマセン店","カット専門店","confirmed","https://www.qbhouse.co.jp/","undetermined","uncertain","unknown","pending","","","","","","","false","contact_unverified","pending","pending","pending","","false","in_progress","","","",""
"qb-socola-3f613649a1","QBハウス SOCOLA塚口クロス店","カット専門店","confirmed","https://www.qbhouse.co.jp/","undetermined","uncertain","unknown","pending","","","","","","","false","contact_unverified","pending","pending","pending","","false","in_progress","","","",""
"lead-356e6e83c5","イレブンカット つかしん店","カット専門店","unconfirmed","","not_applicable","uncertain","unknown","pending","","","","","","","false","contact_unverified","pending","pending","pending","","false","in_progress","","","",""
"lead-382cd0575b","イレブンカット あまがさきキューズモール店","カット専門店","unconfirmed","","not_applicable","uncertain","unknown","pending","","","","","","","false","contact_unverified","pending","pending","pending","","false","in_progress","","","",""
"mama-s-a03104eb78","MAMA'S 尼崎店","美容室(カット)","unconfirmed","","not_applicable","uncertain","unknown","pending","","","","","","","false","contact_unverified","pending","pending","pending","","false","in_progress","","","",""
"nailsalon-linne-72bfa28645","nailsalon linne","ネイル（プライベートサロン）","unconfirmed","","not_applicable","uncertain","unknown","pending","","","","","","","false","contact_unverified","pending","pending","pending","","false","in_progress","","","",""
"private-nail-salon-moi-migno-bbc10fd5c9","private nail salon moi mignon","ネイル（プライベートサロン）","unconfirmed","","not_applicable","uncertain","unknown","pending","","","","","","","false","contact_unverified","pending","pending","pending","","false","in_progress","","","",""
"at-nail-bdd278862a","at Nail","ネイル（プライベートサロン）","unconfirmed","","not_applicable","uncertain","unknown","pending","","","","","","","false","contact_unverified","pending","pending","pending","","false","in_progress","","","",""
"syuri-nail-0cca484ea2","syuri nail","ネイル（プライベートサロン）","unconfirmed","","not_applicable","","","","","","","","","","false","contact_unverified","pending","pending","pending","","false","pending","","","",""
"bell-flower-e776d1b944","Bell Flower","ネイル（プライベートサロン）","unconfirmed","","not_applicable","","","","","","","","","","false","contact_unverified","pending","pending","pending","","false","pending","","","",""
"belltiffy-8437c406ee","belltiffy","ネイル（自爪育成専門）","confirmed","https://belltiffy.com/","undetermined","","","","","","","","","","false","contact_not_found","pending","pending","pending","","false","completed","","","",""
"rire-1dcb7465e2","RiRe","ネイル","unconfirmed","","not_applicable","","","","","","","","","","false","contact_unverified","pending","pending","pending","","false","pending","","","",""
"alma-e8c7eafe10","alma","ネイル（自宅サロン）","unconfirmed","","not_applicable","","","","","","","","","","false","contact_unverified","pending","pending","pending","","false","pending","","","",""
"587nail-6c080fdd2d","587nail","ネイル（自宅サロン）","unconfirmed","","not_applicable","","","","","","","","","","false","contact_unverified","pending","pending","pending","","false","pending","","","",""
"nail-salon-neige-51a2a99f3f","nail salon neige","ネイル（自宅サロン）","unconfirmed","","not_applicable","","","","","","","","","","false","contact_unverified","pending","pending","pending","","false","pending","","","",""
"rin-homenail-c831454767","RIN HOMEnail","ネイル（カラオケ居酒屋内サロン）","unconfirmed","","not_applicable","","","","","","","","","","false","contact_unverified","pending","pending","pending","","false","pending","","","",""
"nailroom-lumion-7279557a36","nailroom Lumion","ネイル（プライベートサロン）","unconfirmed","","not_applicable","","","","","","","","","","false","contact_unverified","pending","pending","pending","","false","pending","","","",""
"nail-snowjewel-d3029e905e","nail snowjewel","ネイル（プライベートサロン）","unconfirmed","","not_applicable","","","","","","","","","","false","contact_unverified","pending","pending","pending","","false","pending","","","",""
"sunny-flower-nail-f05e0373e6","Sunny Flower Nail","ネイル（プライベートサロン）","unconfirmed","","not_applicable","","","","","","","","","","false","contact_unverified","pending","pending","pending","","false","pending","","","",""
"space-zero-80454d1d4e","space ZERO","ネイル（プライベートサロン）","unconfirmed","","not_applicable","","","","","","","","","","false","contact_unverified","pending","pending","pending","","false","pending","","","",""
"sakohana-hair-beauty-b294482012","Sakohana Hair&Beauty","まつげ・眉・ネイル・エステ","unconfirmed","","not_applicable","","","","","","","","","","false","contact_unverified","pending","pending","pending","","false","pending","","","",""
"nail-salon-amiable-ea33d04e69","nail salon amiable","ネイル","unconfirmed","","not_applicable","","","","","","","","","","false","contact_unverified","pending","pending","pending","","false","pending","","","",""
"ribbit-ee18ea4c55","RIBBIT","ネイル","unconfirmed","","not_applicable","","","","","","","","","","false","contact_unverified","pending","pending","pending","","false","pending","","","",""
"kyou-nail-f7f228e12c","kyou_nail","ネイル","unconfirmed","","not_applicable","","","","","","","","","","false","contact_unverified","pending","pending","pending","","false","pending","","","",""
"loa-nail-and-e5f64db947","loa nail and ...","ネイル・エステ","unconfirmed","","not_applicable","","","","","","","","","","false","contact_unverified","pending","pending","pending","","false","pending","","","",""
"salon-de-lunoa-8ca605da7d","Salon de Lunoa","ネイル・リラクゼーション・エステ","unconfirmed","","not_applicable","","","","","","","","","","false","contact_unverified","pending","pending","pending","","false","pending","","","",""
"nailsalon-ciel-f2f06831b9","nailsalon CIEL","ネイル（1名サロン）","unconfirmed","","not_applicable","","","","","","","","","","false","contact_unverified","pending","pending","pending","","false","pending","","","",""
"ailes-nail-a9efd74f62","ailes nail.","ネイル","unconfirmed","","not_applicable","","","","","","","","","","false","contact_unverified","pending","pending","pending","","false","pending","","","",""
"amthe-18bd2e906a","amthe","ネイル","unconfirmed","","not_applicable","","","","","","","","","","false","contact_unverified","pending","pending","pending","","false","pending","","","",""
"jade-nail-d125bc619d","Jade nail","ネイル","unconfirmed","","not_applicable","","","","","","","","","","false","contact_unverified","pending","pending","pending","","false","pending","","","",""
"nail-stand-maani-709458dacd","Nail stand maani","ネイル・リラクゼーション","unconfirmed","","not_applicable","","","","","","","","","","false","contact_unverified","pending","pending","pending","","false","pending","","","",""
"msis-nail-eyelash-salon-0e610e0860","Msis nail＆eyelash salon 塚口店","ネイル・まつげ・眉","unconfirmed","","not_applicable","","","","","","","","","","false","contact_unverified","pending","pending","pending","","false","pending","","","",""
"mimi-nail-21ba368cff","mimi nail","ネイル","unconfirmed","","not_applicable","","","","","","","","","","false","contact_unverified","pending","pending","pending","","false","pending","","","",""
"noah-cb88149913","NOAH.","ネイル（プライベートサロン）","unconfirmed","","not_applicable","","","","","","","","","","false","contact_unverified","pending","pending","pending","","false","pending","","","",""
"le-a-nail-34c3263f02","Le'a nail","ネイル","unconfirmed","","not_applicable","","","","","","","","","","false","contact_unverified","pending","pending","pending","","false","pending","","","",""
"chipinail-ccd436601f","chipinail 尼崎","ネイル","unconfirmed","","not_applicable","","","","","","","","","","false","contact_unverified","pending","pending","pending","","false","pending","","","",""
"meme-moi-eye-nail-salon-5ab7cb4a54","Meme Moi eye/nail salon","まつげ・ネイル","unconfirmed","","not_applicable","","","","","","","","","","false","contact_unverified","pending","pending","pending","","false","pending","","","",""
"private-nail-salon-re-noa-5c1c8a8b80","Private Nail Salon Re:NoA","ネイル","unconfirmed","","not_applicable","","","","","","","","","","false","contact_unverified","pending","pending","pending","","false","pending","","","",""
"salon-de-crescent-6390f9bd16","Salon de Crescent","ネイル（HPBネイル一覧掲載）","unconfirmed","","not_applicable","","","","","","","","","","false","contact_unverified","pending","pending","pending","","false","pending","","","",""
"nail-shaving-petit-pas-ed1968b729","Nail＆Shaving Petit Pas","ネイル・シェービング","unconfirmed","","not_applicable","","","","","","","","","","false","contact_unverified","pending","pending","pending","","false","pending","","","",""
"pepe-nail-eyelash-0b1379d764","PePe.nail-eyelash","ネイル・まつげ","unconfirmed","","not_applicable","","","","","","","","","","false","contact_unverified","pending","pending","pending","","false","pending","","","",""
"uru-pie-05cd670dfe","Uru Pie","ネイル","unconfirmed","","not_applicable","","","","","","","","","","false","contact_unverified","pending","pending","pending","","false","pending","","","",""
"nailsalon-mira-8134ce791a","nailsalon MIRA","ネイル","unconfirmed","","not_applicable","","","","","","","","","","false","contact_unverified","pending","pending","pending","","false","pending","","","",""
"nine-nail-c312b4e9c0","nine nail","ネイル","unconfirmed","","not_applicable","","","","","","","","","","false","contact_unverified","pending","pending","pending","","false","pending","","","",""
"ulea-5b4e3af162","ulea","ネイル","unconfirmed","","not_applicable","","","","","","","","","","false","contact_unverified","pending","pending","pending","","false","pending","","","",""
"cherie-by-laslight-7198f0fbae","Cherie By.Laslight","ネイル","unconfirmed","","not_applicable","","","","","","","","","","false","contact_unverified","pending","pending","pending","","false","pending","","","",""
"charme-3c9ec064e3","ネイル&リラクゼーションサロンcharme","ネイル・リラクゼーション","unconfirmed","","not_applicable","","","","","","","","","","false","contact_unverified","pending","pending","pending","","false","pending","","","",""
"tiary-nail-94d74f23ce","Tiary nail","ネイル","unconfirmed","","not_applicable","","","","","","","","","","false","contact_unverified","pending","pending","pending","","false","pending","","","",""
"calm-nail-2b698ad12d","Calm nail","ネイル","unconfirmed","","not_applicable","","","","","","","","","","false","contact_unverified","pending","pending","pending","","false","pending","","","",""
"nail-salon-me-9f99e65826","nail salon +me","ネイル","unconfirmed","","not_applicable","","","","","","","","","","false","contact_unverified","pending","pending","pending","","false","pending","","","",""
"nail-salon-ailus-72401e1256","Nail salon Ailus","ネイル","unconfirmed","","not_applicable","","","","","","","","","","false","contact_unverified","pending","pending","pending","","false","pending","","","",""
"miin-by-lands-a983c5df2d","MIIN by lands","まつげ","unconfirmed","","not_applicable","","","","","","","","","","false","contact_unverified","pending","pending","pending","","false","pending","","","",""
"eye-beauty-salon-sylph-brill-8f78ecc3d8","Eye Beauty Salon Sylph Briller","まつげ","unconfirmed","","not_applicable","","","","","","","","","","false","contact_unverified","pending","pending","pending","","false","pending","","","",""
"eyelash-salon-fofo-90532773f9","eyelash salon Fofo","まつげ","unconfirmed","","not_applicable","","","","","","","","","","false","contact_unverified","pending","pending","pending","","false","pending","","","",""
"amitie-919c3afe0b","Amitie","まつげ","unconfirmed","","not_applicable","","","","","","","","","","false","contact_unverified","pending","pending","pending","","false","pending","","","",""
"mist-eyelash-179b37f4ea","MIST EYELASH","まつげ","unconfirmed","","not_applicable","","","","","","","","","","false","contact_unverified","pending","pending","pending","","false","pending","","","",""
"and-a-2671bc4f33","and A.","まつげ","unconfirmed","","not_applicable","","","","","","","","","","false","contact_unverified","pending","pending","pending","","false","pending","","","",""
"cachette-88389b9e28","cachette...","まつげ","unconfirmed","","not_applicable","","","","","","","","","","false","contact_unverified","pending","pending","pending","","false","pending","","","",""
"eyelash-salon-andante-dbfa5740c2","eyelash salon Andante","まつげ","unconfirmed","","not_applicable","","","","","","","","","","false","contact_unverified","pending","pending","pending","","false","pending","","","",""
"ssin-studio-0e9048a00d","SSIN STUDIO 塚口店","まつげ","unconfirmed","","not_applicable","","","","","","","","","","false","contact_unverified","pending","pending","pending","","false","pending","","","",""
"frillnature-cb735d9a2f","Frillnature 尼崎塚口店","まつげ","unconfirmed","","not_applicable","","","","","","","","","","false","contact_unverified","pending","pending","pending","","false","pending","","","",""
"belta-di-dolce-1fdf272209","belta di Dolce 立花店","まつげ","unconfirmed","","not_applicable","","","","","","","","","","false","contact_unverified","pending","pending","pending","","false","pending","","","",""
"lead-d09bb65b06","オトナチック","まつげ","unconfirmed","","not_applicable","","","","","","","","","","false","contact_unverified","pending","pending","pending","","false","pending","","","",""
"moana-by-lopi-c272571593","moana by LOPI 尼崎","まつげ","unconfirmed","","not_applicable","","","","","","","","","","false","contact_unverified","pending","pending","pending","","false","pending","","","",""
"aulii-by-lands-706c09a72b","AULII by lands","まつげ","unconfirmed","","not_applicable","","","","","","","","","","false","contact_unverified","pending","pending","pending","","false","pending","","","",""
"spin-hair-socola-293303b22d","Spin hair SOCOLA塚口店（スピンヘア）","美容室","confirmed","https://spin-hair.jp/","undetermined","","","","","","","","","","false","phone_only","pending","pending","pending","","false","completed","","","",""
"bigoudi-salon-mukonosou-748ce7dfa0","BIGOUDI salon mukonosou（ビグディーサロン）","美容室","confirmed","http://www.bigoudi.co.jp/","undetermined","","","","","","","","","","true","text_ready","ready","ready","reviewed","3","false","completed","instagram_dm","https://www.instagram.com/bigoudi_plus/","http://www.bigoudi.co.jp/","2026-09-28T00:00:00Z"
"laura-c0004229ec","LAURA（ラウラ）","美容室","unconfirmed","","not_applicable","","","","","","","","","","false","contact_unverified","pending","pending","pending","","false","pending","","","",""
"gothic-77e8b3fbda","GOTHIC（ゴシック）","美容室","confirmed","http://www.gothic.ne.jp/","undetermined","","","","","","","","","","true","text_ready","missing","missing","blocked_personalization","","false","completed","instagram_dm","https://www.instagram.com/gothic0549/","https://www.instagram.com/gothic0549/","2026-09-28T00:00:00Z"
"nico-2530a46054","nico塚口（ニコ）","美容室(白髪ぼかし・髪質改善)","unconfirmed","","not_applicable","","","","","","","","","","false","contact_unverified","pending","pending","pending","","false","pending","","","",""
"kos-hair-01e82eb754","KOS HAIR（コス）","美容室","unconfirmed","","not_applicable","","","","","","","","","","false","contact_unverified","pending","pending","pending","","false","pending","","","",""
"vii-hair-fashion-bar-1492786041","VII hair.fashion.bar（ヴィー）","美容室","unconfirmed","","not_applicable","","","","","","","","","","false","contact_unverified","pending","pending","pending","","false","pending","","","",""
"wal-9854df324f","wal.（ワル）","美容室","unconfirmed","","not_applicable","","","","","","","","","","false","contact_unverified","pending","pending","pending","","false","pending","","","",""
"hair-garage-kawanishi-18aac9802c","hair garage KAWANISHI（ヘアーガレージ カワニシ）","美容室","confirmed","http://hairgarage-k.com/","undetermined","","","","","","","","","","false","contact_unverified","pending","pending","pending","","false","access_limited","","","",""
"noname-f7727fd1a2","NoName（ノーネーム）","美容室(メンズ)","confirmed","https://no-name-h.jimdofree.com/","undetermined","","","","","","","","","","false","phone_only","pending","pending","pending","","false","completed","","","",""
"hair-create-shuu-8713925eef","hair create Shuu（ヘアー クリエイト シュウ）","美容室","confirmed","http://hc-shuu.com/","undetermined","","","","","","","","","","true","text_ready","missing","missing","blocked_personalization","","false","completed","instagram_dm","https://www.instagram.com/hair_create_shuu/","https://www.instagram.com/hair_create_shuu/","2026-09-28T00:00:00Z"
"mar-blue-717cb35ec7","mar-blue（マーブルー）","ヘッドスパ・トリートメントサロン","unconfirmed","","not_applicable","","","","","","","","","","false","contact_unverified","pending","pending","pending","","false","pending","","","",""
"cocoxia-03f056f1d1","COCOXIA（ココシア）","美容室(ヘッドスパ・白髪ぼかし)","unconfirmed","","not_applicable","","","","","","","","","","false","contact_unverified","pending","pending","pending","","false","pending","","","",""
"niella-b186f414b8","niella（ニエラ）","美容室(髪質改善・着付け)","unconfirmed","","not_applicable","","","","","","","","","","false","contact_unverified","pending","pending","pending","","false","pending","","","",""
"couleur-b2c37ff600","Couleur（クルール）","美容室","unconfirmed","","not_applicable","","","","","","","","","","false","contact_unverified","pending","pending","pending","","false","pending","","","",""
"hair-beauty-lokahi-6d1c97950a","HAIR&BEAUTY LoKaHi（ロカヒ）","美容室","confirmed","https://hair-beauty-lokahi.com/","undetermined","","","","","","","","","","true","text_ready","ready","ready","reviewed","3","false","completed","contact_form","https://hair-beauty-lokahi.com/contact","https://hair-beauty-lokahi.com/contact","2026-09-28T00:00:00Z"
"gran-mile-hair-ec65645bb6","Gran mile hair（グランマイルヘアー）","美容室","unconfirmed","","not_applicable","","","","","","","","","","false","contact_unverified","pending","pending","pending","","false","pending","","","",""
"old-cut-club-2e0afea531","OLD CUT CLUB（オールドカットクラブ）","理容(メンズバーバー)","unconfirmed","","not_applicable","","","","","","","","","","false","contact_unverified","pending","pending","pending","","false","pending","","","",""
"private-hair-salon-creo-7f8e6e4f6c","Private Hair salon CREO（プライベートヘアサロン クレオ）","美容室","confirmed","https://privatehairsaloncreo.jimdofree.com/","undetermined","","","","","","","","","","true","text_ready","missing","missing","blocked_personalization","","false","completed","instagram_dm","https://www.instagram.com/private_hairsalon_creo/","https://privatehairsaloncreo.jimdofree.com/","2026-09-28T00:00:00Z"
"the-jolly-you-8a04d5c399","THE Jolly You（ザ ジョリーユー）","美容室","unconfirmed","","not_applicable","","","","","","","","","","false","contact_unverified","pending","pending","pending","","false","pending","","","",""
"if-5a25631ba7","if. 塚口（イフ）","美容室(エイジングケア・ヘッドスパ)","unconfirmed","","not_applicable","","","","","","","","","","false","contact_unverified","pending","pending","pending","","false","pending","","","",""
"jam-c8adad78dd","JAM（ジャム）","美容室","unconfirmed","","not_applicable","","","","","","","","","","false","contact_unverified","pending","pending","pending","","false","pending","","","",""
"un-pitto-036119b0f4","Un pitto（アンピット）","美容室","unconfirmed","","not_applicable","","","","","","","","","","false","contact_unverified","pending","pending","pending","","false","pending","","","",""
"zinnia-ccb19e1354","Zinnia（ジニア）","美容室","unconfirmed","","not_applicable","","","","","","","","","","false","contact_unverified","pending","pending","pending","","false","pending","","","",""
"little-wing-9b2632c559","リトルウィング（Little Wing）","美容室","unconfirmed","","not_applicable","","","","","","","","","","false","contact_unverified","pending","pending","pending","","false","pending","","","",""
"lelie-3574f3e794","レリィ 塚口（lelie）","美容室(髪質改善・ヘッドスパ)","unconfirmed","","not_applicable","","","","","","","","","","false","contact_unverified","pending","pending","pending","","false","pending","","","",""
"chou-chou-6c2cfdb6f1","シュシュ（chou-chou）","美容室","unconfirmed","","not_applicable","","","","","","","","","","false","contact_unverified","pending","pending","pending","","false","pending","","","",""
"hair-atelier-days-1db5dd2510","hair atelier days.（ヘアーアトリエデイズ）","美容室","unconfirmed","","not_applicable","","","","","","","","","","false","contact_unverified","pending","pending","pending","","false","pending","","","",""
"alles-atelier-784f2f8461","ALLES ATELIER（アレスアトリエ）","美容室","unconfirmed","","not_applicable","","","","","","","","","","false","contact_unverified","pending","pending","pending","","false","pending","","","",""
"athree-4b91d01a2f","ATHREE（アスリー）","美容室","unconfirmed","","not_applicable","","","","","","","","","","false","contact_unverified","pending","pending","pending","","false","pending","","","",""
"la-fith-hair-elua-d1546f986f","La fith hair elua 武庫之荘店","美容室","unconfirmed","","not_applicable","","","","","","","","","","false","contact_unverified","pending","pending","pending","","false","pending","","","",""
"2nd-house-d6dcedb102","2nd HOUSE","美容室","unconfirmed","","not_applicable","","","","","","","","","","false","contact_unverified","pending","pending","pending","","false","pending","","","",""
"kafuu-8827db70b9","kafuu","美容室","unconfirmed","","not_applicable","","","","","","","","","","false","contact_unverified","pending","pending","pending","","false","pending","","","",""
"allen-hair-da98003bb9","ALLEN hair 武庫之荘店","美容室","unconfirmed","","not_applicable","","","","","","","","","","false","contact_unverified","pending","pending","pending","","false","pending","","","",""
"cuore-b643a85434","Cuore（クオーレ）","美容室","unconfirmed","","not_applicable","","","","","","","","","","false","contact_unverified","pending","pending","pending","","false","pending","","","",""
"hair-salon-sol-51b0a7e506","hair salon SOL","美容室","unconfirmed","","not_applicable","","","","","","","","","","false","contact_unverified","pending","pending","pending","","false","pending","","","",""
"urbano-59274e23dd","URBANO（ウルバーノ）","美容室","unconfirmed","","not_applicable","","","","","","","","","","false","contact_unverified","pending","pending","pending","","false","pending","","","",""
"uru-7b5eb5c6ba","uru 髪質改善する白髪染め専門店 塚口店","美容室","unconfirmed","","not_applicable","","","","","","","","","","false","contact_unverified","pending","pending","pending","","false","pending","","","",""
"hair-parks-feb507041a","Hair Parks","美容室","unconfirmed","","not_applicable","","","","","","","","","","false","contact_unverified","pending","pending","pending","","false","pending","","","",""
"stella-5c3c05f4b1","Stella.（ステラ）","美容室","unconfirmed","","not_applicable","","","","","","","","","","false","contact_unverified","pending","pending","pending","","false","pending","","","",""
"hair-salon-uju-a2d4cce488","hair salon Uju","美容室","unconfirmed","","not_applicable","","","","","","","","","","false","contact_unverified","pending","pending","pending","","false","pending","","","",""
"a-i-b-hair-961f35a49f","A.I.B. hair","美容室","unconfirmed","","not_applicable","","","","","","","","","","false","contact_unverified","pending","pending","pending","","false","pending","","","",""
"makana-a73cb4d196","makana","美容室","unconfirmed","","not_applicable","","","","","","","","","","false","contact_unverified","pending","pending","pending","","false","pending","","","",""
"friends-42133abc25","friends","美容室","unconfirmed","","not_applicable","","","","","","","","","","false","contact_unverified","pending","pending","pending","","false","pending","","","",""
"rooms-eb00c6b187","ROOMS つかしん店","美容室","unconfirmed","","not_applicable","","","","","","","","","","false","contact_unverified","pending","pending","pending","","false","pending","","","",""
"the-light-1e1d2998c7","The Light","美容室","unconfirmed","","not_applicable","","","","","","","","","","false","contact_unverified","pending","pending","pending","","false","pending","","","",""
"mile-c5958161d6","MILE. 武庫之荘","美容室","unconfirmed","","not_applicable","","","","","","","","","","false","contact_unverified","pending","pending","pending","","false","pending","","","",""
"arddia-hair-foundation-6ce5af1c1f","ARDDIA Hair Foundation","美容室","unconfirmed","","not_applicable","","","","","","","","","","false","contact_unverified","pending","pending","pending","","false","pending","","","",""
"chou-chou-hair-salon-9ab6dc1681","Chou chou hair salon","美容室","unconfirmed","","not_applicable","","","","","","","","","","false","contact_unverified","pending","pending","pending","","false","pending","","","",""
"salon-queue-7e38d2f223","Salon Queue","美容室","unconfirmed","","not_applicable","","","","","","","","","","false","contact_unverified","pending","pending","pending","","false","pending","","","",""
"barber-shatore-dd8701918c","BARBER SHATORE 立花店","理容室","unconfirmed","","not_applicable","","","","","","","","","","false","contact_unverified","pending","pending","pending","","false","pending","","","",""
"over-hair-433fded968","髪質改善&トリートメント over hair 尼崎店","美容室","unconfirmed","","not_applicable","","","","","","","","","","false","contact_unverified","pending","pending","pending","","false","pending","","","",""
"y-s-hair-ccf2f2843e","Y's HAIR（ワイズヘアー）","美容室","unconfirmed","","not_applicable","","","","","","","","","","false","contact_unverified","pending","pending","pending","","false","pending","","","",""
"lead-ec521db4e3","美容室トム","美容室","unconfirmed","","not_applicable","","","","","","","","","","false","contact_unverified","pending","pending","pending","","false","pending","","","",""
"madoca-2b9151fe2a","MADOCA美容室","美容室","unconfirmed","","not_applicable","","","","","","","","","","false","contact_unverified","pending","pending","pending","","false","pending","","","",""
"lil-49938ebcbc","LiL'塚口","美容室","unconfirmed","","not_applicable","","","","","","","","","","false","contact_unverified","pending","pending","pending","","false","pending","","","",""
"laule-a-40b5824632","アイラッシュサロン Laule'a","まつげサロン","unconfirmed","","not_applicable","","","","","","","","","","false","contact_unverified","pending","pending","pending","","false","pending","","","",""
"lead-2fcee0bb15","アズヘアー・アイビス","美容室","unconfirmed","","not_applicable","","","","","","","","","","false","contact_unverified","pending","pending","pending","","false","pending","","","",""
"hairroom-67a400a330","hairroom輝","美容室","unconfirmed","","not_applicable","","","","","","","","","","false","contact_unverified","pending","pending","pending","","false","pending","","","",""
"piece-1cc9631067","まつ毛とまゆ毛の専門店 Piece","まつげ・アイブロウ","unconfirmed","","not_applicable","","","","","","","","","","false","contact_unverified","pending","pending","pending","","false","pending","","","",""
"coumi-beauty-hair-design-b8fc11c90b","Coumi Beauty Hair Design","美容室","unconfirmed","","not_applicable","","","","","","","","","","false","contact_unverified","pending","pending","pending","","false","pending","","","",""
"rouge-b2d3ecf229","Rouge美容室","美容室","unconfirmed","","not_applicable","","","","","","","","","","false","contact_unverified","pending","pending","pending","","false","pending","","","",""
"lead-db940bb23d","ローダンセ・フミ美容室","美容室","unconfirmed","","not_applicable","","","","","","","","","","false","contact_unverified","pending","pending","pending","","false","pending","","","",""
"grateful-d25b0b4678","grateful","美容室","unconfirmed","","not_applicable","","","","","","","","","","false","contact_unverified","pending","pending","pending","","false","pending","","","",""
"le-bien-ciel-80f39b141a","Le.Bien.Ciel","美容室","unconfirmed","","not_applicable","","","","","","","","","","false","contact_unverified","pending","pending","pending","","false","pending","","","",""
"reaf-d1db7408f1","reaf","美容室","unconfirmed","","not_applicable","","","","","","","","","","false","contact_unverified","pending","pending","pending","","false","pending","","","",""
"lead-8175930340","シルキーヘアー美容室","美容室","unconfirmed","","not_applicable","","","","","","","","","","false","contact_unverified","pending","pending","pending","","false","pending","","","",""
"for-evolve-7885f30a4f","For evolve","美容室","unconfirmed","","not_applicable","","","","","","","","","","false","contact_unverified","pending","pending","pending","","false","pending","","","",""
"la-chic-88298dda09","La Chic","美容室","unconfirmed","","not_applicable","","","","","","","","","","false","contact_unverified","pending","pending","pending","","false","pending","","","",""
"lead-339a6b4d0e","ピージェートゥー","美容室","unconfirmed","","not_applicable","","","","","","","","","","false","contact_unverified","pending","pending","pending","","false","pending","","","",""
"eat-fad3199e2c","eat","美容室","unconfirmed","","not_applicable","","","","","","","","","","false","contact_unverified","pending","pending","pending","","false","pending","","","",""
"daice-0cc8dbbea6","ダイス(DaiCe)","美容室","unconfirmed","","not_applicable","","","","","","","","","","false","contact_unverified","pending","pending","pending","","false","pending","","","",""
"miya-41f0182537","ヘアーサロンMIYA","美容室","unconfirmed","","not_applicable","","","","","","","","","","false","contact_unverified","pending","pending","pending","","false","pending","","","",""
"lead-a9b635116c","エッツ理髪","理容室","unconfirmed","","not_applicable","","","","","","","","","","false","contact_unverified","pending","pending","pending","","false","pending","","","",""
"lead-db943392d3","ヘアーサロン マツダ","美容室・理容","unconfirmed","","not_applicable","","","","","","","","","","false","contact_unverified","pending","pending","pending","","false","pending","","","",""
"lead-1ce2fb9d13","フォレスタ","美容室","unconfirmed","","not_applicable","","","","","","","","","","false","contact_unverified","pending","pending","pending","","false","pending","","","",""
"lead-abdf6875ee","ハヤセ発毛倶楽部","発毛・頭皮ケア","unconfirmed","","not_applicable","","","","","","","","","","false","contact_unverified","pending","pending","pending","","false","pending","","","",""
"a-s-a-p-2429dc15ff","アトリエA・S・A・P.","美容室","unconfirmed","","not_applicable","","","","","","","","","","false","contact_unverified","pending","pending","pending","","false","pending","","","",""
"lead-a9bec827ec","妙星美容室","美容室","unconfirmed","","not_applicable","","","","","","","","","","false","contact_unverified","pending","pending","pending","","false","pending","","","",""
"annon-fce4265341","ANNON【アンノン】","美容室","unconfirmed","","not_applicable","","","","","","","","","","false","contact_unverified","pending","pending","pending","","false","pending","","","",""
"lead-5a549f45b0","フリーダム","美容室","unconfirmed","","not_applicable","","","","","","","","","","false","contact_unverified","pending","pending","pending","","false","pending","","","",""
"lead-14daf8e641","トーマス美容室","美容室","unconfirmed","","not_applicable","","","","","","","","","","false","contact_unverified","pending","pending","pending","","false","pending","","","",""
"sin-sia-hair-a7a6ae48df","Sin-Sia HAIR 塚口店","美容室","unconfirmed","","not_applicable","","","","","","","","","","false","contact_unverified","pending","pending","pending","","false","pending","","","",""
"sin-sia-hair-c4782fbea6","SIN-SIA HAIR 武庫之荘店","美容室","unconfirmed","","not_applicable","","","","","","","","","","false","contact_unverified","pending","pending","pending","","false","pending","","","",""
"lead-2e7ec4cc79","ビューティーサロンまつもと","美容室","unconfirmed","","not_applicable","","","","","","","","","","false","contact_unverified","pending","pending","pending","","false","pending","","","",""
"hairs-bijou-825664db57","hairs bijou（ビジュー）","美容室","unconfirmed","","not_applicable","","","","","","","","","","false","contact_unverified","pending","pending","pending","","false","pending","","","",""
"lead-bab83e7c07","ヘアースタジオ・アズ","美容室","unconfirmed","","not_applicable","","","","","","","","","","false","contact_unverified","pending","pending","pending","","false","pending","","","",""
"lead-73918aeaed","田中美容室","美容室","unconfirmed","","not_applicable","","","","","","","","","","false","contact_unverified","pending","pending","pending","","false","pending","","","",""
"lead-ebba1c091c","ヘアークリップ","美容室","unconfirmed","","not_applicable","","","","","","","","","","false","contact_unverified","pending","pending","pending","","false","pending","","","",""
"lead-a78797566e","ジュノ美容室 塚口さんさんタウン店","美容室","unconfirmed","","not_applicable","","","","","","","","","","false","contact_unverified","pending","pending","pending","","false","pending","","","",""
"lead-868bd96016","ポピ美容室","美容室","unconfirmed","","not_applicable","","","","","","","","","","false","contact_unverified","pending","pending","pending","","false","pending","","","",""
"lead-a6b4dce981","希蝶夢美容室","美容室","unconfirmed","","not_applicable","","","","","","","","","","false","contact_unverified","pending","pending","pending","","false","pending","","","",""
"lead-0559085f14","亜樹ビューティサロン","美容室","unconfirmed","","not_applicable","","","","","","","","","","false","contact_unverified","pending","pending","pending","","false","pending","","","",""
"k-t-a072575208","カットクラブK・T","美容室・理容","unconfirmed","","not_applicable","","","","","","","","","","false","contact_unverified","pending","pending","pending","","false","pending","","","",""
"lead-082c2be0aa","ビューティーサロン・ファイブ","美容室","unconfirmed","","not_applicable","","","","","","","","","","false","contact_unverified","pending","pending","pending","","false","pending","","","",""
"lead-6123fe6578","スリー美容室","美容室","unconfirmed","","not_applicable","","","","","","","","","","false","contact_unverified","pending","pending","pending","","false","pending","","","",""
"ciel-for-hair-3c51b45808","CIEL FOR HAIR","美容室","unconfirmed","","not_applicable","","","","","","","","","","false","contact_unverified","pending","pending","pending","","false","pending","","","",""
"lead-292876d3a0","クリップバイトーク","美容室","unconfirmed","","not_applicable","","","","","","","","","","false","contact_unverified","pending","pending","pending","","false","pending","","","",""
"art-ifact-42c0027c36","art-ifact","美容室","unconfirmed","","not_applicable","","","","","","","","","","false","contact_unverified","pending","pending","pending","","false","pending","","","",""
"haircolorcafe-df2f643b7b","HAIRCOLORCAFE武庫之荘","美容室(カラー専門)","unconfirmed","","not_applicable","","","","","","","","","","false","contact_unverified","pending","pending","pending","","false","pending","","","",""
"bonita-bad4ef2c5c","ボニータ(BONITA)","美容室","unconfirmed","","not_applicable","","","","","","","","","","false","contact_unverified","pending","pending","pending","","false","pending","","","",""
"calidad-ff941f4825","calidad","美容室","unconfirmed","","not_applicable","","","","","","","","","","false","contact_unverified","pending","pending","pending","","false","pending","","","",""
"ricott-90c961b62a","Ricott 武庫之荘店","美容室","unconfirmed","","not_applicable","","","","","","","","","","false","contact_unverified","pending","pending","pending","","false","pending","","","",""
"luna-rossa-345c539794","ルーナロッサ(Luna Rossa)","美容室","unconfirmed","","not_applicable","","","","","","","","","","false","contact_unverified","pending","pending","pending","","false","pending","","","",""
"lead-75fba8f045","アンダンテ","美容室","unconfirmed","","not_applicable","","","","","","","","","","false","contact_unverified","pending","pending","pending","","false","pending","","","",""
"i-4e8afa10f3","美容室i(アイ)立花店","美容室","confirmed","http://yuki-gr.com/","undetermined","","","","","","","","","","false","contact_unverified","pending","pending","pending","","false","access_limited","","","",""
"hair-color-cafe-b0ce904336","HAIR COLOR CAFE 塚口店","美容室","confirmed","http://www.re-set.tv","undetermined","","","","","","","","","","false","contact_unverified","pending","pending","pending","","false","access_limited","","","",""
"le-jardin-119dff9217","Le JARDIN 塚口店","美容室","confirmed","http://jardin-net.com/index.html","undetermined","","","","","","","","","","false","contact_unverified","pending","pending","pending","","false","access_limited","","","",""
"lead-611ce53907","アンクラージュ","美容室","unconfirmed","","not_applicable","","","","","","","","","","false","contact_unverified","pending","pending","pending","","false","pending","","","",""
"pjii-ff0630ddcb","ヘアーメイクPJII","美容室","unconfirmed","","not_applicable","","","","","","","","","","false","contact_unverified","pending","pending","pending","","false","pending","","","",""
"beauty-space-mtb-2451f4dd93","BEAUTY SPACE MTB","美容室","confirmed","http://www.bs-mtb.com/","undetermined","","","","","","","","","","false","contact_unverified","pending","pending","pending","","false","access_limited","","","",""
"mode-k-s-226d22adaf","MODE K's 塚口店","美容室","unconfirmed","","not_applicable","","","","","","","","","","false","contact_unverified","pending","pending","pending","","false","pending","","","",""
"chill-out-96fbbf440a","chill out 塚口本町店","美容室","unconfirmed","","not_applicable","","","","","","","","","","false","contact_unverified","pending","pending","pending","","false","pending","","","",""
"tiara-a5b8b45b9e","Tiara","エステ(フェイシャル・脱毛)","unconfirmed","","not_applicable","","","","","","","","","","false","contact_unverified","pending","pending","pending","","false","pending","","","",""
"amicarina-1a283b4f1c","Amicarina","エステ(フェイシャル)","unconfirmed","","not_applicable","","","","","","","","","","false","contact_unverified","pending","pending","pending","","false","pending","","","",""
"shiny-hair-daice-9beec78bbc","SHINY HAIR DaiCe","脱毛サロン(セルフ脱毛)","unconfirmed","","not_applicable","","","","","","","","","","false","contact_unverified","pending","pending","pending","","false","pending","","","",""
"lead-83f1364627","トシエステ","エステ(フェイシャル・ボディ)","unconfirmed","","not_applicable","","","","","","","","","","false","contact_unverified","pending","pending","pending","","false","pending","","","",""
"lead-099e909ca5","リラクゼーション カサブランカ","エステ・リラクゼーション(YOSA)","unconfirmed","","not_applicable","","","","","","","","","","false","contact_unverified","pending","pending","pending","","false","pending","","","",""
"yosa-park-le-ciel-dc89c412b9","YOSA PARK le ciel","エステ(YOSA・ボディ)","unconfirmed","","not_applicable","","","","","","","","","","false","contact_unverified","pending","pending","pending","","false","pending","","","",""
